cik,label,subset,ticker,Fiscal Period,Cost of Goods Sold,"Depreciation, Depletion and Amortization",EBIT,EBITDA,Gross Profit,Long-Term Debt,Market Cap,Net Income,Retained Earnings,Revenue,Total Assets,Total Current Assets,Total Current Liabilities,Total Inventories,Total Liabilities,Total Operating Expense,Total Receivables
7332,False,train,SWN,Dec 2016,1300.0,436.0,-2598.0,-2162.0,1136.0,4612.0,5358.0,-2643.0,-3725.0,2436.0,7076.0,1872.0,1064.0,37.0,6159.0,932.0,363.0
7332,False,train,SWN,Dec 2017,1480.0,504.0,1079.0,1583.0,1723.0,4391.0,2858.0,1046.0,-2679.0,3203.0,7521.0,1509.0,780.0,37.0,5542.0,998.0,428.0
7332,False,train,SWN,Dec 2018,1789.0,560.0,654.0,1214.0,2073.0,2318.0,1863.0,537.0,-2142.0,3862.0,5797.0,956.0,846.0,37.0,3435.0,1083.0,581.0
7332,False,train,SWN,Dec 2019,1791.0,471.0,537.0,1008.0,1247.0,2242.0,1310.0,891.0,-1251.0,3038.0,6717.0,679.0,848.0,37.0,3471.0,948.0,345.0
7332,False,train,SWN,Dec 2020,1303.0,357.0,-2622.0,-2265.0,1005.0,3150.0,2010.0,-3112.0,-4363.0,2308.0,5160.0,671.0,1012.0,37.0,4663.0,989.0,368.0
839621,True,train,GBTVQ,Dec 2001,35.0,25.0,11.0,36.0,101.0,401.0,0.0,-82.0,-331.0,101.0,472.0,252.0,63.0,0.0,662.0,91.0,21.0
839621,True,train,GBTVQ,Dec 2002,35.0,25.0,11.0,36.0,101.0,401.0,0.0,-82.0,-331.0,101.0,472.0,252.0,63.0,0.0,662.0,91.0,21.0
839621,True,train,GBTVQ,Dec 2003,35.0,16.0,0.0,16.0,73.0,401.0,0.0,-47.0,-331.0,73.0,504.0,252.0,63.0,0.0,754.0,73.0,21.0
839621,True,train,GBTVQ,Dec 2004,35.0,14.0,-2.0,12.0,81.0,401.0,0.0,-83.0,-331.0,81.0,430.0,252.0,63.0,0.0,762.0,83.0,21.0
839621,True,train,GBTVQ,Dec 2005,35.0,13.0,6.0,21.0,51.0,429.0,0.0,-99.0,-431.0,86.0,406.0,71.0,71.0,0.0,837.0,46.0,22.0
790414,True,train,GOTTQ,Jan 2004,432.0,13.0,18.0,31.0,236.0,93.0,0.0,5.0,40.0,669.0,316.0,175.0,80.0,153.0,203.0,220.0,7.0
790414,True,train,GOTTQ,Jan 2005,432.0,13.0,18.0,31.0,236.0,93.0,0.0,5.0,40.0,669.0,316.0,175.0,80.0,153.0,203.0,220.0,7.0
790414,True,train,GOTTQ,Jan 2006,437.0,12.0,17.0,31.0,239.0,97.0,0.0,5.0,45.0,677.0,335.0,188.0,91.0,160.0,215.0,223.0,7.0
790414,True,train,GOTTQ,Jan 2007,447.0,14.0,15.0,30.0,241.0,103.0,0.0,3.0,48.0,687.0,350.0,202.0,85.0,169.0,225.0,227.0,8.0
790414,True,train,GOTTQ,Jan 2008,421.0,19.0,-10.0,9.0,216.0,112.0,0.0,-12.0,35.0,636.0,332.0,179.0,74.0,149.0,220.0,226.0,7.0
3153,False,train,ALPpQ.PFD,Dec 2016,3188.0,844.0,1672.0,2516.0,2701.0,6531.0,0.0,839.0,2518.0,5889.0,22516.0,1805.0,1898.0,640.0,15912.0,1083.0,551.0
3153,False,train,ALPpQ.PFD,Dec 2017,13116.0,888.0,2762.0,5772.0,9915.0,7624.0,0.0,880.0,2647.0,23031.0,23864.0,2006.0,1400.0,642.0,16744.0,7622.0,606.0
3153,False,train,ALPpQ.PFD,Dec 2018,3402.0,917.0,1559.0,2476.0,2630.0,7923.0,0.0,945.0,2775.0,6032.0,26730.0,1909.0,1959.0,687.0,18962.0,1153.0,688.0
3153,False,train,ALPpQ.PFD,Dec 2019,3336.0,951.0,1691.0,2642.0,2789.0,8270.0,0.0,1085.0,3001.0,6125.0,29152.0,2586.0,2060.0,724.0,19906.0,1196.0,646.0
3153,False,train,ALPpQ.PFD,Dec 2020,2908.0,963.0,1840.0,2803.0,2922.0,8558.0,0.0,1165.0,3194.0,5830.0,30803.0,2247.0,2199.0,781.0,20702.0,1228.0,635.0
4281,False,train,HWM,Dec 2016,9696.0,1132.0,913.0,2045.0,2698.0,8044.0,6231.0,-941.0,-1027.0,12394.0,20038.0,5892.0,2749.0,2253.0,14897.0,1589.0,1451.0
4281,False,train,HWM,Dec 2017,10221.0,551.0,966.0,1517.0,2739.0,6806.0,10057.0,-74.0,-1248.0,12960.0,18718.0,6378.0,2824.0,2480.0,13794.0,1375.0,1374.0
4281,False,train,HWM,Dec 2018,5114.0,576.0,805.0,1381.0,1664.0,5896.0,6244.0,642.0,-358.0,6778.0,18693.0,6581.0,3520.0,2492.0,13108.0,718.0,1498.0
4281,False,train,HWM,Dec 2019,5214.0,536.0,548.0,1084.0,1884.0,4906.0,10211.0,470.0,113.0,7098.0,17562.0,5843.0,4125.0,1607.0,12957.0,747.0,932.0
4281,False,train,HWM,Dec 2020,3878.0,338.0,488.0,826.0,1381.0,4699.0,12355.0,261.0,364.0,5259.0,11443.0,3672.0,1660.0,1488.0,7866.0,583.0,357.0
1024401,True,train,ENRNQ,Dec 1996,17311.0,600.0,15.0,15.0,2962.0,6254.0,0.0,105.0,1852.0,20273.0,23422.0,4669.0,4412.0,514.0,15510.0,2947.0,2151.0
1024401,True,train,ENRNQ,Dec 1997,17311.0,600.0,15.0,15.0,2962.0,6254.0,0.0,105.0,1852.0,20273.0,23422.0,4669.0,4412.0,514.0,15510.0,2947.0,2151.0
1024401,True,train,ENRNQ,Dec 1998,26381.0,827.0,1378.0,1378.0,4879.0,7357.0,0.0,703.0,2226.0,31260.0,29350.0,5933.0,6107.0,514.0,18016.0,3501.0,2893.0
1024401,True,train,ENRNQ,Dec 1999,34761.0,870.0,802.0,1243.0,5351.0,7151.0,0.0,893.0,2698.0,40112.0,33381.0,7255.0,6759.0,598.0,18951.0,4549.0,3548.0
1024401,True,train,ENRNQ,Dec 2000,94517.0,855.0,1953.0,1953.0,6272.0,8550.0,0.0,979.0,3226.0,100789.0,65503.0,30381.0,28406.0,953.0,49205.0,4319.0,12270.0
1283552,True,test,JHTXQ,Apr 2006,129.0,12.0,117.0,130.0,164.0,127.0,0.0,65.0,147.0,293.0,574.0,38.0,100.0,0.0,270.0,48.0,23.0
1283552,True,test,JHTXQ,Apr 2007,129.0,12.0,117.0,130.0,164.0,127.0,0.0,65.0,147.0,293.0,574.0,38.0,100.0,0.0,270.0,48.0,23.0
1283552,True,test,JHTXQ,Apr 2008,150.0,13.0,69.0,82.0,129.0,231.0,0.0,32.0,158.0,279.0,600.0,42.0,92.0,0.0,364.0,62.0,24.0
1283552,True,test,JHTXQ,Apr 2009,104.0,13.0,47.0,61.0,145.0,232.0,0.0,19.0,162.0,248.0,608.0,51.0,92.0,0.0,365.0,99.0,31.0
1283552,True,test,JHTXQ,Apr 2010,96.0,14.0,-249.0,-235.0,118.0,244.0,0.0,-272.0,-110.0,214.0,346.0,62.0,95.0,0.0,372.0,370.0,30.0
313395,True,train,TXCOQ,Dec 2004,39.0,13.0,21.0,33.0,28.0,0.0,0.0,14.0,-5.0,67.0,110.0,17.0,24.0,0.0,26.0,20.0,9.0
313395,True,train,TXCOQ,Dec 2005,39.0,13.0,21.0,33.0,28.0,0.0,0.0,14.0,-5.0,67.0,110.0,17.0,24.0,0.0,26.0,20.0,9.0
313395,True,train,TXCOQ,Dec 2006,26.0,24.0,10.0,34.0,46.0,2.0,0.0,7.0,3.0,72.0,144.0,18.0,16.0,0.0,20.0,35.0,9.0
313395,True,train,TXCOQ,Dec 2007,29.0,37.0,10.0,47.0,65.0,100.0,0.0,1.0,4.0,94.0,355.0,36.0,60.0,0.0,180.0,55.0,23.0
313395,True,train,TXCOQ,Dec 2008,37.0,54.0,18.0,71.0,106.0,100.0,0.0,6.0,3.0,144.0,487.0,45.0,302.0,0.0,331.0,87.0,22.0
23304,True,train,CJML,Dec 1998,568.0,27.0,-16.0,11.0,48.0,119.0,0.0,-19.0,71.0,616.0,473.0,166.0,150.0,111.0,315.0,65.0,48.0
23304,True,train,CJML,Dec 1999,568.0,27.0,-16.0,11.0,48.0,119.0,0.0,-19.0,71.0,616.0,473.0,166.0,150.0,111.0,315.0,65.0,48.0
23304,True,train,CJML,Dec 2000,550.0,24.0,-24.0,0.0,67.0,109.0,0.0,-25.0,43.0,618.0,423.0,156.0,154.0,106.0,297.0,88.0,40.0
23304,True,train,CJML,Dec 2001,409.0,21.0,-18.0,3.0,40.0,171.0,0.0,-36.0,2.0,450.0,334.0,94.0,53.0,62.0,248.0,56.0,28.0
23304,True,train,CJML,Dec 2002,382.0,20.0,29.0,49.0,63.0,99.0,0.0,11.0,9.0,446.0,318.0,85.0,97.0,49.0,225.0,33.0,33.0
865570,True,train,THQIQ,Mar 2008,738.0,347.0,-388.0,-41.0,92.0,100.0,204.0,-431.0,-187.0,830.0,598.0,444.0,255.0,26.0,291.0,479.0,61.0
865570,True,train,THQIQ,Mar 2009,738.0,347.0,-388.0,-41.0,92.0,100.0,204.0,-431.0,-187.0,830.0,598.0,444.0,255.0,26.0,291.0,479.0,61.0
865570,True,train,THQIQ,Mar 2010,626.0,255.0,-10.0,245.0,273.0,100.0,475.0,-9.0,-196.0,899.0,714.0,563.0,191.0,14.0,390.0,283.0,46.0
865570,True,train,THQIQ,Mar 2011,520.0,269.0,-136.0,133.0,146.0,100.0,311.0,-136.0,-332.0,665.0,774.0,600.0,380.0,32.0,568.0,281.0,162.0
865570,True,train,THQIQ,Mar 2012,736.0,371.0,-242.0,129.0,95.0,100.0,38.0,-243.0,-575.0,831.0,393.0,290.0,271.0,18.0,425.0,337.0,17.0
6281,False,train,ADI,Oct 2017,2078.0,584.0,1186.0,1770.0,3168.0,7551.0,33656.0,805.0,4911.0,5246.0,21141.0,2351.0,1596.0,551.0,10980.0,1956.0,689.0
6281,False,train,ADI,Oct 2018,1974.0,799.0,1909.0,2708.0,4250.0,6266.0,30986.0,1507.0,5983.0,6225.0,20438.0,2112.0,1052.0,587.0,9170.0,2289.0,640.0
6281,False,train,ADI,Oct 2019,1977.0,811.0,1715.0,2526.0,4014.0,5192.0,39272.0,1363.0,6899.0,5991.0,21393.0,1985.0,1509.0,610.0,9683.0,2207.0,635.0
6281,False,train,ADI,Oct 2020,1913.0,811.0,1505.0,2316.0,3690.0,5145.0,43795.0,1221.0,7236.0,5603.0,21469.0,2518.0,1365.0,608.0,9471.0,2140.0,738.0
6281,False,train,ADI,Oct 2021,2793.0,1075.0,1514.0,2588.0,4525.0,6253.0,91140.0,1390.0,7517.0,7318.0,52322.0,5378.0,2770.0,1201.0,14330.0,2748.0,1459.0
6951,False,train,AMAT,Oct 2017,8086.0,407.0,4014.0,4421.0,6612.0,5304.0,59816.0,3519.0,18258.0,14698.0,19419.0,12918.0,4115.0,2930.0,10070.0,2676.0,2395.0
6951,False,train,AMAT,Oct 2018,9188.0,457.0,4630.0,5087.0,7517.0,5309.0,31795.0,3038.0,20880.0,16705.0,17633.0,10604.0,3922.0,3721.0,10788.0,3026.0,2363.0
6951,False,train,AMAT,Oct 2019,8222.0,363.0,3506.0,3869.0,6386.0,4713.0,49702.0,2706.0,24386.0,14608.0,19024.0,10206.0,4447.0,3474.0,10810.0,3036.0,2629.0
6951,False,train,AMAT,Oct 2020,9510.0,376.0,4406.0,4782.0,7692.0,5448.0,54136.0,3619.0,27209.0,17202.0,22353.0,13369.0,4459.0,3904.0,11775.0,3327.0,3125.0
6951,False,train,AMAT,Oct 2021,12149.0,394.0,7007.0,7401.0,10914.0,5452.0,121892.0,5888.0,32246.0,23063.0,25825.0,16107.0,6344.0,4309.0,13578.0,3714.0,5546.0
850519,True,train,SBLUQ,Dec 1998,288.0,0.0,-71.0,-71.0,65.0,104.0,0.0,-31.0,-44.0,353.0,723.0,325.0,225.0,97.0,340.0,65.0,83.0
850519,True,train,SBLUQ,Dec 1999,288.0,0.0,-71.0,-71.0,65.0,104.0,0.0,-31.0,-44.0,353.0,723.0,325.0,225.0,97.0,340.0,65.0,83.0
850519,True,train,SBLUQ,Dec 2000,528.0,0.0,603.0,603.0,8.0,103.0,0.0,313.0,269.0,537.0,1099.0,457.0,295.0,87.0,428.0,8.0,86.0
850519,True,train,SBLUQ,Dec 2001,276.0,0.0,-948.0,-362.0,-62.0,103.0,0.0,-756.0,-488.0,214.0,414.0,158.0,194.0,21.0,320.0,301.0,31.0
850519,True,train,SBLUQ,Dec 2002,240.0,0.0,-86.0,-86.0,32.0,148.0,0.0,-106.0,-488.0,272.0,305.0,139.0,160.0,34.0,334.0,118.0,38.0
924632,True,train,IFCIQ,Dec 1996,24.0,0.0,0.0,0.0,12.0,4.0,0.0,2.0,-6.0,36.0,44.0,17.0,8.0,3.0,13.0,12.0,11.0
924632,True,train,IFCIQ,Dec 1997,24.0,0.0,0.0,0.0,12.0,4.0,0.0,2.0,-6.0,36.0,44.0,17.0,8.0,3.0,13.0,12.0,11.0
924632,True,train,IFCIQ,Dec 1998,67.0,0.0,0.0,0.0,38.0,4.0,0.0,11.0,6.0,105.0,85.0,51.0,24.0,17.0,29.0,38.0,28.0
924632,True,train,IFCIQ,Dec 1999,121.0,0.0,0.0,0.0,50.0,27.0,0.0,8.0,14.0,170.0,161.0,95.0,57.0,19.0,85.0,50.0,68.0
924632,True,train,IFCIQ,Dec 2000,224.0,0.0,0.0,0.0,92.0,102.0,0.0,10.0,23.0,316.0,273.0,151.0,42.0,20.0,147.0,92.0,113.0
1021010,True,train,EPEXQ,Dec 2004,17.0,40.0,51.0,92.0,104.0,85.0,0.0,33.0,55.0,121.0,343.0,37.0,26.0,2.0,152.0,53.0,27.0
1021010,True,train,EPEXQ,Dec 2005,17.0,40.0,51.0,92.0,104.0,85.0,0.0,33.0,55.0,121.0,343.0,37.0,26.0,2.0,152.0,53.0,27.0
1021010,True,train,EPEXQ,Dec 2006,18.0,61.0,-60.0,1.0,111.0,129.0,0.0,-41.0,14.0,130.0,322.0,32.0,22.0,2.0,166.0,172.0,20.0
1021010,True,train,EPEXQ,Dec 2007,30.0,93.0,21.0,114.0,145.0,260.0,0.0,7.0,13.0,175.0,775.0,54.0,52.0,2.0,340.0,123.0,36.0
1021010,True,train,EPEXQ,Dec 2008,27.0,88.0,-337.0,-336.0,132.0,260.0,0.0,-333.0,-327.0,159.0,358.0,49.0,252.0,1.0,260.0,468.0,20.0
2491,False,train,BYI,Jun 2010,274.0,75.0,155.0,230.0,484.0,500.0,1806.0,98.0,401.0,758.0,927.0,474.0,161.0,69.0,711.0,333.0,235.0
2491,False,train,BYI,Jun 2011,274.0,75.0,155.0,230.0,484.0,500.0,1806.0,98.0,401.0,758.0,927.0,474.0,161.0,69.0,711.0,333.0,235.0
2491,False,train,BYI,Jun 2012,326.0,81.0,182.0,263.0,553.0,494.0,1964.0,101.0,505.0,880.0,970.0,480.0,214.0,75.0,772.0,374.0,265.0
2491,False,train,BYI,Jun 2013,351.0,88.0,234.0,323.0,646.0,580.0,2192.0,141.0,646.0,997.0,979.0,493.0,227.0,68.0,860.0,411.0,248.0
2491,False,train,BYI,Jun 2014,451.0,134.0,223.0,356.0,764.0,1887.0,2543.0,99.0,745.0,1215.0,2519.0,593.0,252.0,82.0,2312.0,537.0,314.0
13610,False,train,BNE,Dec 2005,543.0,26.0,28.0,54.0,290.0,76.0,0.0,-2.0,333.0,832.0,515.0,301.0,129.0,26.0,279.0,265.0,153.0
13610,False,train,BNE,Dec 2006,543.0,26.0,28.0,54.0,290.0,76.0,0.0,-2.0,333.0,832.0,515.0,301.0,129.0,26.0,279.0,265.0,153.0
13610,False,train,BNE,Dec 2007,531.0,29.0,42.0,71.0,319.0,2.0,0.0,27.0,354.0,851.0,509.0,310.0,201.0,29.0,259.0,288.0,134.0
13610,False,train,BNE,Dec 2008,525.0,33.0,-34.0,-1.0,242.0,2.0,0.0,-23.0,324.0,767.0,481.0,202.0,110.0,28.0,295.0,281.0,117.0
13610,False,train,BNE,Dec 2009,450.0,33.0,-15.0,18.0,226.0,2.0,0.0,-17.0,293.0,676.0,461.0,201.0,116.0,27.0,209.0,237.0,105.0
50957,True,train,FBNIQ,Dec 2008,994.0,25.0,-171.0,-146.0,230.0,78.0,266.0,-109.0,268.0,1224.0,758.0,504.0,177.0,226.0,495.0,403.0,184.0
50957,True,train,FBNIQ,Dec 2009,994.0,25.0,-171.0,-146.0,230.0,78.0,266.0,-109.0,268.0,1224.0,758.0,504.0,177.0,226.0,495.0,403.0,184.0
50957,True,train,FBNIQ,Dec 2010,884.0,24.0,-45.0,-21.0,276.0,77.0,283.0,-39.0,229.0,1160.0,676.0,427.0,141.0,250.0,417.0,321.0,115.0
50957,True,train,FBNIQ,Dec 2011,840.0,22.0,-43.0,-21.0,267.0,77.0,68.0,-44.0,185.0,1108.0,614.0,371.0,139.0,228.0,482.0,312.0,108.0
50957,True,train,FBNIQ,Dec 2012,828.0,19.0,-43.0,-24.0,244.0,105.0,60.0,-47.0,138.0,1072.0,618.0,393.0,172.0,244.0,564.0,288.0,126.0
849101,True,train,AVDO,Dec 1998,0.0,26.0,32.0,58.0,644.0,328.0,0.0,5.0,166.0,644.0,657.0,46.0,85.0,9.0,544.0,602.0,7.0
849101,True,train,AVDO,Dec 1999,0.0,26.0,32.0,58.0,644.0,328.0,0.0,5.0,166.0,644.0,657.0,46.0,85.0,9.0,544.0,602.0,7.0
849101,True,train,AVDO,Dec 2000,0.0,33.0,-47.0,-14.0,686.0,292.0,0.0,-66.0,101.0,686.0,610.0,35.0,141.0,9.0,522.0,695.0,8.0
849101,True,train,AVDO,Dec 2001,0.0,29.0,-49.0,-20.0,624.0,216.0,0.0,-95.0,5.0,624.0,396.0,37.0,111.0,6.0,399.0,671.0,10.0
849101,True,train,AVDO,Dec 2002,0.0,21.0,-7.0,14.0,442.0,164.0,0.0,-63.0,-58.0,442.0,301.0,24.0,132.0,5.0,301.0,480.0,5.0
911626,True,train,ULTEQ,Jan 2000,332.0,8.0,24.0,32.0,152.0,0.0,0.0,15.0,33.0,484.0,174.0,105.0,63.0,68.0,68.0,128.0,28.0
911626,True,train,ULTEQ,Jan 2001,332.0,8.0,24.0,32.0,152.0,0.0,0.0,15.0,33.0,484.0,174.0,105.0,63.0,68.0,68.0,128.0,28.0
911626,True,train,ULTEQ,Jan 2002,400.0,11.0,20.0,30.0,180.0,0.0,0.0,12.0,45.0,580.0,231.0,121.0,71.0,87.0,110.0,160.0,30.0
911626,True,train,ULTEQ,Jan 2003,474.0,13.0,10.0,24.0,230.0,0.0,0.0,5.0,49.0,704.0,295.0,150.0,69.0,107.0,81.0,220.0,36.0
911626,True,train,ULTEQ,Jan 2004,483.0,20.0,-25.0,-5.0,229.0,0.0,0.0,-16.0,33.0,713.0,336.0,174.0,71.0,114.0,137.0,255.0,52.0
1167178,True,val,AONEQ,Dec 2007,81.0,8.0,-80.0,-71.0,-12.0,6.0,2303.0,-80.0,-153.0,69.0,209.0,130.0,60.0,36.0,342.0,67.0,18.0
1167178,True,val,AONEQ,Dec 2008,81.0,8.0,-80.0,-71.0,-12.0,6.0,2303.0,-80.0,-153.0,69.0,209.0,130.0,60.0,36.0,342.0,67.0,18.0
1167178,True,val,AONEQ,Dec 2009,94.0,13.0,-85.0,-72.0,-3.0,7.0,2303.0,-86.0,-239.0,91.0,618.0,523.0,52.0,37.0,90.0,83.0,18.0
1167178,True,val,AONEQ,Dec 2010,115.0,17.0,-149.0,-132.0,-17.0,5.0,1004.0,-153.0,-391.0,97.0,576.0,311.0,119.0,49.0,178.0,132.0,28.0
1167178,True,val,AONEQ,Dec 2011,249.0,25.0,-238.0,-213.0,-90.0,143.0,216.0,-258.0,-649.0,159.0,626.0,352.0,119.0,103.0,330.0,148.0,47.0
884124,True,train,GYLDQ,Sep 1999,812.0,0.0,-29.0,-29.0,146.0,649.0,0.0,-38.0,33.0,958.0,896.0,399.0,134.0,167.0,841.0,146.0,206.0
884124,True,train,GYLDQ,Sep 2000,812.0,0.0,-29.0,-29.0,146.0,649.0,0.0,-38.0,33.0,958.0,896.0,399.0,134.0,167.0,841.0,146.0,206.0
884124,True,train,GYLDQ,Sep 2001,780.0,0.0,-29.0,-29.0,70.0,635.0,0.0,-70.0,-38.0,850.0,765.0,333.0,122.0,167.0,778.0,99.0,153.0
884124,True,train,GYLDQ,Sep 2002,615.0,0.0,20.0,20.0,52.0,24.0,0.0,-29.0,-67.0,667.0,734.0,336.0,414.0,144.0,782.0,32.0,147.0
884124,True,train,GYLDQ,Sep 2003,431.0,0.0,-18.0,-18.0,6.0,8.0,0.0,-176.0,-243.0,437.0,566.0,328.0,437.0,143.0,779.0,24.0,89.0
912908,True,train,FMXLQ,Dec 2000,1125.0,26.0,51.0,77.0,142.0,568.0,0.0,-151.0,-389.0,1266.0,646.0,311.0,368.0,100.0,1004.0,91.0,183.0
912908,True,train,FMXLQ,Dec 2001,1125.0,26.0,51.0,77.0,142.0,568.0,0.0,-151.0,-389.0,1266.0,646.0,311.0,368.0,100.0,1004.0,91.0,183.0
912908,True,train,FMXLQ,Dec 2002,1125.0,26.0,51.0,77.0,142.0,568.0,0.0,-151.0,-389.0,1266.0,646.0,311.0,368.0,100.0,1004.0,91.0,183.0
912908,True,train,FMXLQ,Dec 2003,1125.0,26.0,51.0,77.0,142.0,568.0,0.0,-151.0,-389.0,1266.0,646.0,311.0,368.0,100.0,1004.0,91.0,183.0
912908,True,train,FMXLQ,Dec 2004,1125.0,26.0,51.0,77.0,142.0,568.0,0.0,-151.0,-389.0,1266.0,646.0,311.0,368.0,100.0,1004.0,91.0,183.0
4285,False,train,AL,Dec 2001,14181.0,1212.0,1111.0,2322.0,3726.0,9983.0,0.0,219.0,4555.0,17907.0,41953.0,12118.0,9904.0,5393.0,26721.0,2615.0,5302.0
4285,False,train,AL,Dec 2002,14181.0,1212.0,1111.0,2322.0,3726.0,9983.0,0.0,219.0,4555.0,17907.0,41953.0,12118.0,9904.0,5393.0,26721.0,2615.0,5302.0
4285,False,train,AL,Dec 2003,14181.0,1212.0,1111.0,2322.0,3726.0,9983.0,0.0,219.0,4555.0,17907.0,41953.0,12118.0,9904.0,5393.0,26721.0,2615.0,5302.0
4285,False,train,AL,Dec 2004,24625.0,1630.0,1138.0,2768.0,5707.0,7734.0,0.0,314.0,4098.0,30332.0,40639.0,11472.0,11282.0,4911.0,26990.0,4568.0,5080.0
4285,False,train,AL,Dec 2005,18741.0,1254.0,782.0,2036.0,4861.0,6115.0,0.0,150.0,3540.0,23602.0,30940.0,7478.0,6789.0,3176.0,19583.0,4079.0,3780.0
947156,True,train,SVSSF,Dec 1997,0.0,1.0,-137.0,-136.0,4.0,110.0,0.0,-90.0,-102.0,4.0,280.0,66.0,12.0,1.0,137.0,140.0,7.0
947156,True,train,SVSSF,Dec 1998,0.0,1.0,-137.0,-136.0,4.0,110.0,0.0,-90.0,-102.0,4.0,280.0,66.0,12.0,1.0,137.0,140.0,7.0
947156,True,train,SVSSF,Dec 1999,0.0,2.0,-7.0,-7.0,5.0,110.0,0.0,-7.0,-109.0,5.0,261.0,47.0,10.0,1.0,145.0,13.0,10.0
947156,True,train,SVSSF,Dec 2000,0.0,2.0,-5.0,-5.0,6.0,110.0,0.0,-6.0,-115.0,6.0,254.0,28.0,9.0,1.0,143.0,12.0,7.0
947156,True,train,SVSSF,Dec 2001,0.0,5.0,0.0,0.0,17.0,155.0,0.0,-5.0,-120.0,17.0,307.0,44.0,16.0,1.0,199.0,17.0,6.0
4127,False,train,SWKS,Sep 2017,1810.0,255.0,1254.0,1509.0,1842.0,2236.0,18537.0,1010.0,3060.0,3651.0,4574.0,2634.0,388.0,494.0,508.0,587.0,455.0
4127,False,train,SWKS,Sep 2018,1917.0,299.0,1320.0,1619.0,1951.0,2236.0,16092.0,918.0,3733.0,3868.0,4829.0,2262.0,390.0,490.0,732.0,631.0,656.0
4127,False,train,SWKS,Sep 2019,1773.0,372.0,961.0,1333.0,1604.0,2236.0,13480.0,854.0,4313.0,3377.0,4840.0,2235.0,374.0,610.0,717.0,645.0,465.0
4127,False,train,SWKS,Sep 2020,1743.0,364.0,892.0,1256.0,1613.0,2236.0,24095.0,815.0,4820.0,3356.0,5107.0,2318.0,448.0,806.0,943.0,707.0,359.0
4127,False,train,SWKS,Sep 2021,2597.0,437.0,1612.0,2049.0,2512.0,2236.0,27238.0,1498.0,5186.0,5109.0,8591.0,2865.0,659.0,885.0,3294.0,891.0,756.0
3673,False,train,AYE,Dec 2006,1324.0,279.0,854.0,817.0,1983.0,3944.0,0.0,412.0,444.0,3307.0,9907.0,1315.0,788.0,176.0,7345.0,1166.0,349.0
3673,False,train,AYE,Dec 2007,1324.0,279.0,854.0,817.0,1983.0,3944.0,0.0,412.0,444.0,3307.0,9907.0,1315.0,788.0,176.0,7345.0,1166.0,349.0
3673,False,train,AYE,Dec 2008,1476.0,274.0,832.0,810.0,1909.0,4116.0,0.0,395.0,732.0,3386.0,10811.0,1496.0,1004.0,243.0,7950.0,1100.0,359.0
3673,False,train,AYE,Dec 2009,1324.0,282.0,927.0,1209.0,2103.0,4417.0,0.0,393.0,1023.0,3427.0,11589.0,1345.0,986.0,317.0,8446.0,1183.0,355.0
3673,False,train,AYE,Dec 2010,1734.0,324.0,945.0,1268.0,2169.0,4686.0,0.0,412.0,1307.0,3903.0,12076.0,1516.0,791.0,260.0,8634.0,1238.0,408.0
1330849,True,test,HEROQ,Dec 2010,403.8,191.2,-139.6,51.6,221.0,853.2,399.4,-134.6,-1022.4,624.8,1995.3,329.0,146.7,2.5,1142.2,364.4,143.8
1330849,True,test,HEROQ,Dec 2011,377.9,174.2,-10.3,163.9,196.7,818.1,612.3,-76.1,-1098.5,574.6,2006.7,350.0,175.4,2.5,1098.2,203.1,153.7
1330849,True,test,HEROQ,Dec 2012,370.1,166.4,-67.0,99.4,248.1,798.0,978.7,-127.0,-1225.5,618.2,2016.6,478.6,261.4,2.5,1133.9,307.9,167.9
1330849,True,test,HEROQ,Dec 2013,461.3,162.8,35.5,198.3,397.0,1210.7,1041.8,-68.1,-1293.6,858.3,2301.4,467.2,239.9,2.5,1477.7,345.5,220.1
1330849,True,test,HEROQ,Dec 2014,543.2,170.9,-108.5,62.4,357.0,1210.9,160.8,-216.1,-1509.7,900.3,2002.4,404.3,164.5,2.5,1387.4,445.5,166.4
1232229,True,val,BRLCQ,Dec 2002,10.0,4.0,-20.0,-16.0,-8.0,4.0,0.0,-19.0,-6.0,2.0,40.0,18.0,1.0,3.0,1.0,12.0,0.0
1232229,True,val,BRLCQ,Dec 2003,10.0,4.0,-20.0,-16.0,-8.0,4.0,0.0,-19.0,-6.0,2.0,40.0,18.0,1.0,3.0,1.0,12.0,0.0
1232229,True,val,BRLCQ,Dec 2004,13.0,4.0,-33.0,-29.0,-10.0,4.0,0.0,-33.0,-39.0,3.0,22.0,14.0,3.0,5.0,3.0,23.0,0.0
1232229,True,val,BRLCQ,Jun 2006,169.0,2.0,-7.0,-4.0,24.0,4.0,0.0,-19.0,-20.0,193.0,128.0,80.0,53.0,13.0,63.0,31.0,51.0
1232229,True,val,BRLCQ,Jun 2007,573.0,6.0,66.0,72.0,124.0,4.0,0.0,30.0,10.0,698.0,515.0,432.0,195.0,113.0,199.0,58.0,210.0
7536,False,train,ARW,Dec 2016,20344.0,159.0,867.0,1026.0,3144.0,2696.0,6339.0,523.0,5197.0,23488.0,14206.0,10317.0,6689.0,2856.0,9741.0,2227.0,6747.0
7536,False,train,ARW,Dec 2017,23198.0,154.0,890.0,1044.0,3357.0,2933.0,7051.0,402.0,5597.0,26555.0,16459.0,12414.0,7955.0,3303.0,11461.0,2340.0,8126.0
7536,False,train,ARW,Dec 2018,25976.0,186.0,1124.0,1311.0,3701.0,3239.0,5874.0,716.0,6335.0,29677.0,17784.0,13608.0,8790.0,3879.0,12408.0,2489.0,8945.0
7536,False,train,ARW,Dec 2019,25618.0,190.0,92.0,282.0,3298.0,2640.0,6832.0,-204.0,6131.0,28917.0,16401.0,12526.0,8258.0,3477.0,11534.0,2406.0,8483.0
7536,False,train,ARW,Dec 2020,25482.0,189.0,896.0,1086.0,3191.0,2098.0,7282.0,584.0,6680.0,28673.0,17054.0,13153.0,9131.0,3287.0,11905.0,2279.0,9205.0
16160,False,test,CALM,May 2017,1029.0,49.0,-114.0,-65.0,46.0,6.0,1807.0,-74.0,816.0,1075.0,1033.0,436.0,65.0,161.0,189.0,176.0,117.0
16160,False,test,CALM,May 2018,1142.0,54.0,118.0,172.0,361.0,3.0,2337.0,126.0,925.0,1503.0,1150.0,588.0,108.0,169.0,195.0,179.0,86.0
16160,False,test,CALM,May 2019,1138.0,55.0,71.0,126.0,223.0,3.0,1803.0,54.0,955.0,1361.0,1156.0,568.0,75.0,172.0,166.0,177.0,72.0
16160,False,test,CALM,May 2020,1172.0,58.0,21.0,79.0,180.0,3.0,2173.0,18.0,975.0,1352.0,1207.0,522.0,93.0,187.0,197.0,178.0,98.0
16160,False,test,CALM,May 2021,1188.0,59.0,-10.0,50.0,161.0,3.0,1706.0,2.0,976.0,1349.0,1229.0,520.0,90.0,218.0,216.0,184.0,127.0
1034258,True,train,NOBLQ,Dec 2003,295.0,10.0,25.0,35.0,38.0,38.0,0.0,15.0,24.0,333.0,182.0,95.0,59.0,21.0,103.0,16.0,53.0
1034258,True,train,NOBLQ,Dec 2004,295.0,10.0,25.0,35.0,38.0,38.0,0.0,15.0,24.0,333.0,182.0,95.0,59.0,21.0,103.0,16.0,53.0
1034258,True,train,NOBLQ,Dec 2005,326.0,12.0,14.0,25.0,38.0,41.0,0.0,5.0,26.0,364.0,209.0,128.0,76.0,22.0,119.0,16.0,80.0
1034258,True,train,NOBLQ,Dec 2006,403.0,14.0,18.0,33.0,38.0,122.0,0.0,8.0,29.0,441.0,387.0,166.0,157.0,31.0,291.0,22.0,99.0
1034258,True,train,NOBLQ,Dec 2007,815.0,31.0,9.0,41.0,57.0,242.0,0.0,-7.0,16.0,872.0,804.0,291.0,257.0,82.0,539.0,44.0,186.0
6284,False,train,ALOG,Jul 2013,333.7,17.3,48.9,66.2,216.7,3.8,873.5,31.1,362.3,550.4,587.8,360.4,90.9,116.3,101.4,167.8,113.2
6284,False,train,ALOG,Jul 2014,297.8,22.1,32.6,54.6,219.7,3.8,889.7,34.5,378.5,517.5,614.3,373.8,84.5,124.8,101.8,187.1,106.4
6284,False,train,ALOG,Jul 2015,310.8,26.0,40.2,66.2,229.5,3.8,1001.6,33.5,394.8,540.3,624.6,396.6,79.8,132.7,93.2,189.2,131.9
6284,False,train,ALOG,Jul 2016,280.8,25.9,34.9,60.7,228.1,3.8,1041.6,12.1,390.0,508.8,632.9,388.8,78.5,145.5,101.7,193.2,115.4
6284,False,train,ALOG,Jul 2017,287.1,27.2,24.9,52.1,199.3,3.8,875.2,-74.2,307.1,486.4,538.1,370.7,67.1,130.6,77.6,174.4,82.3
1035815,True,train,JRCOQ,Dec 2003,39.0,17.0,104.0,121.0,437.0,782.0,0.0,117.0,-51.0,476.0,1184.0,94.0,77.0,8.0,983.0,332.0,64.0
1035815,True,train,JRCOQ,Dec 2004,39.0,17.0,104.0,121.0,437.0,782.0,0.0,117.0,-51.0,476.0,1184.0,94.0,77.0,8.0,983.0,332.0,64.0
1035815,True,train,JRCOQ,Dec 2005,50.0,19.0,117.0,136.0,507.0,741.0,0.0,47.0,-6.0,557.0,1188.0,90.0,81.0,9.0,966.0,390.0,61.0
1035815,True,train,JRCOQ,Dec 2006,255.0,18.0,49.0,67.0,251.0,708.0,0.0,-6.0,-15.0,506.0,1161.0,89.0,95.0,9.0,961.0,194.0,55.0
1035815,True,train,JRCOQ,Dec 2007,237.0,20.0,-115.0,-95.0,226.0,625.0,0.0,-103.0,-124.0,463.0,932.0,71.0,80.0,6.0,841.0,344.0,52.0
15615,False,val,MTZ,Dec 2016,4442.0,165.0,277.0,441.0,693.0,961.0,3157.0,131.0,510.0,5135.0,3183.0,1402.0,840.0,111.0,2079.0,426.0,1156.0
15615,False,val,MTZ,Dec 2017,5745.0,188.0,433.0,621.0,862.0,1281.0,4053.0,347.0,857.0,6607.0,4067.0,1852.0,964.0,77.0,2633.0,463.0,1598.0
15615,False,val,MTZ,Dec 2018,5939.0,213.0,448.0,661.0,970.0,1324.0,3082.0,260.0,1118.0,6909.0,4440.0,2169.0,1284.0,114.0,3048.0,500.0,1924.0
15615,False,val,MTZ,Dec 2019,6070.0,235.0,588.0,823.0,1113.0,1314.0,4912.0,392.0,1511.0,7183.0,4997.0,2174.0,1219.0,100.0,3205.0,522.0,1875.0
15615,False,val,MTZ,Dec 2020,5271.0,298.0,485.0,783.0,1050.0,1158.0,5057.0,323.0,1834.0,6321.0,5228.0,2359.0,1415.0,90.0,3222.0,601.0,1754.0
6571,False,train,AGL,Jan 2002,267.0,14.0,14.0,28.0,49.0,68.0,0.0,6.0,145.0,316.0,289.0,93.0,56.0,0.0,138.0,38.0,44.0
6571,False,train,AGL,Jan 2003,267.0,14.0,14.0,28.0,49.0,68.0,0.0,6.0,145.0,316.0,289.0,93.0,56.0,0.0,138.0,38.0,44.0
6571,False,train,AGL,Jan 2004,267.0,14.0,14.0,28.0,49.0,68.0,0.0,6.0,145.0,316.0,289.0,93.0,56.0,0.0,138.0,38.0,44.0
6571,False,train,AGL,Jan 2005,267.0,14.0,14.0,28.0,49.0,68.0,0.0,6.0,145.0,316.0,289.0,93.0,56.0,0.0,138.0,38.0,44.0
6571,False,train,AGL,Jan 2006,364.0,20.0,8.0,27.0,54.0,85.0,0.0,0.0,141.0,418.0,331.0,110.0,81.0,0.0,182.0,48.0,58.0
1236309,True,test,LUMCQ,Dec 2003,0.0,29.0,316.0,316.0,125.0,96.0,0.0,57.0,-9.0,125.0,4880.0,4871.0,4473.0,0.0,4474.0,125.0,32.0
1236309,True,test,LUMCQ,Dec 2004,0.0,29.0,316.0,316.0,125.0,96.0,0.0,57.0,-9.0,125.0,4880.0,4871.0,4473.0,0.0,4474.0,125.0,32.0
1236309,True,test,LUMCQ,Dec 2005,0.0,27.0,316.0,316.0,181.0,96.0,0.0,-83.0,-123.0,181.0,4933.0,4406.0,3955.0,0.0,4537.0,181.0,35.0
1236309,True,test,LUMCQ,Dec 2006,0.0,1.0,316.0,316.0,366.0,93.0,0.0,47.0,-116.0,366.0,8614.0,2975.0,2741.0,0.0,8142.0,366.0,38.0
1236309,True,test,LUMCQ,Dec 2007,0.0,20.0,-270.0,-250.0,329.0,4408.0,0.0,-721.0,-865.0,329.0,4722.0,20.0,566.0,0.0,5032.0,329.0,16.0
2969,False,train,APD,Sep 2017,5752.0,866.0,1537.0,2403.0,2436.0,3402.0,33044.0,3000.0,12847.0,8188.0,18467.0,5877.0,2489.0,335.0,8282.0,650.0,1540.0
2969,False,train,APD,Sep 2018,6190.0,971.0,2146.0,3116.0,2741.0,3352.0,36670.0,1498.0,13410.0,8930.0,19178.0,5082.0,2338.0,396.0,8002.0,775.0,1377.0
2969,False,train,APD,Sep 2019,5976.0,1083.0,2427.0,3509.0,2943.0,3227.0,48901.0,1760.0,14138.0,8919.0,18943.0,4618.0,1821.0,388.0,7555.0,774.0,1415.0
2969,False,train,APD,Sep 2020,5858.0,1185.0,2533.0,3718.0,2998.0,7430.0,65832.0,1887.0,14876.0,8856.0,25169.0,8685.0,2417.0,405.0,12725.0,761.0,1417.0
2969,False,train,APD,Sep 2021,7186.0,1321.0,2649.0,3971.0,3137.0,7150.0,56702.0,2099.0,15678.0,10323.0,26859.0,8376.0,2799.0,454.0,12771.0,869.0,1655.0
10456,False,train,BAX,Dec 2016,6047.0,800.0,5043.0,5843.0,4116.0,2779.0,23878.0,4965.0,14200.0,10163.0,15546.0,6574.0,2744.0,1430.0,7266.0,3392.0,1691.0
10456,False,train,BAX,Dec 2017,6110.0,750.0,1185.0,1935.0,4474.0,3509.0,35001.0,602.0,14483.0,10584.0,17111.0,7263.0,2821.0,1475.0,7995.0,3188.0,1793.0
10456,False,train,BAX,Dec 2018,6340.0,771.0,1710.0,2481.0,4759.0,3481.0,33766.0,1546.0,15075.0,11099.0,15720.0,5959.0,2814.0,1667.0,7854.0,3176.0,1840.0
10456,False,train,BAX,Dec 2019,6601.0,789.0,1081.0,1870.0,4761.0,4809.0,42325.0,1001.0,15718.0,11362.0,18193.0,7503.0,3230.0,1653.0,10281.0,3744.0,1896.0
10456,False,train,BAX,Dec 2020,7086.0,823.0,1445.0,2268.0,4587.0,5786.0,40514.0,1102.0,16328.0,11673.0,20019.0,8411.0,3333.0,1916.0,11293.0,3036.0,2077.0
6720,False,train,KTO,Dec 2002,499.0,17.0,28.0,44.0,220.0,133.0,0.0,11.0,108.0,719.0,872.0,536.0,255.0,237.0,438.0,188.0,225.0
6720,False,train,KTO,Dec 2003,499.0,17.0,28.0,44.0,220.0,133.0,0.0,11.0,108.0,719.0,872.0,536.0,255.0,237.0,438.0,188.0,225.0
6720,False,train,KTO,Dec 2004,801.0,24.0,81.0,105.0,400.0,349.0,0.0,39.0,147.0,1201.0,1456.0,773.0,349.0,325.0,773.0,319.0,370.0
6720,False,train,KTO,Dec 2005,862.0,30.0,-176.0,-146.0,452.0,380.0,0.0,-212.0,-65.0,1314.0,1191.0,778.0,309.0,359.0,737.0,631.0,380.0
6720,False,train,KTO,Dec 2006,901.0,30.0,88.0,118.0,493.0,372.0,0.0,38.0,-27.0,1395.0,1235.0,844.0,284.0,385.0,696.0,408.0,402.0
14846,False,val,BRT,Dec 2019,12.33,5.92,9.76,15.68,15.43,170.28,265.38,0.86,-32.82,27.76,390.61,36.57,20.77,0.0,191.05,16.01,4.15
14846,False,val,BRT,Dec 2020,12.38,6.74,-12.38,-5.64,15.72,167.52,249.77,-19.86,-67.98,28.1,365.74,28.68,20.54,0.0,188.05,18.44,4.15
14846,False,val,BRT,Sep 2016,47.52,23.18,57.06,80.24,51.0,625.46,105.86,31.29,-48.13,98.52,874.9,88.28,47.77,0.0,673.22,32.41,19.5
14846,False,val,BRT,Sep 2017,51.28,30.49,65.36,95.85,54.49,734.84,138.13,13.6,-37.05,105.77,993.9,33.0,22.35,0.0,757.19,39.89,5.5
14846,False,val,BRT,Sep 2018,57.66,38.5,82.44,120.94,61.97,829.47,181.18,23.77,-24.93,119.64,1153.36,77.87,27.41,0.0,856.88,47.71,4.9
814068,True,train,CJHBQ,Dec 2004,1056.0,11.0,63.0,74.0,217.0,202.0,0.0,38.0,-122.0,1273.0,567.0,298.0,186.0,109.0,419.0,157.0,49.0
814068,True,train,CJHBQ,Dec 2005,1056.0,11.0,63.0,74.0,217.0,202.0,0.0,38.0,-122.0,1273.0,567.0,298.0,186.0,109.0,419.0,157.0,49.0
814068,True,train,CJHBQ,Dec 2006,1147.0,18.0,63.0,81.0,218.0,252.0,0.0,138.0,16.0,1365.0,801.0,263.0,203.0,102.0,499.0,160.0,48.0
814068,True,train,CJHBQ,Dec 2007,1084.0,20.0,24.0,44.0,190.0,343.0,0.0,7.0,24.0,1273.0,1022.0,360.0,318.0,91.0,702.0,167.0,90.0
814068,True,train,CJHBQ,Dec 2008,907.0,22.0,-32.0,-9.0,127.0,301.0,0.0,-199.0,-176.0,1033.0,645.0,150.0,188.0,53.0,558.0,161.0,34.0
811696,True,train,SHRPQ,Jan 2003,277.0,16.0,43.0,59.0,370.0,2.0,521.0,25.0,93.0,648.0,310.0,235.0,104.0,110.0,120.0,328.0,21.0
811696,True,train,SHRPQ,Jan 2004,277.0,16.0,43.0,59.0,370.0,2.0,521.0,25.0,93.0,648.0,310.0,235.0,104.0,110.0,120.0,328.0,21.0
811696,True,train,SHRPQ,Jan 2005,342.0,21.0,26.0,47.0,418.0,2.0,281.0,15.0,103.0,760.0,376.0,269.0,136.0,124.0,170.0,392.0,26.0
811696,True,train,SHRPQ,Jan 2006,342.0,27.0,-27.0,0.0,327.0,2.0,136.0,-15.0,80.0,669.0,329.0,210.0,113.0,104.0,148.0,354.0,17.0
811696,True,train,SHRPQ,Jan 2007,293.0,28.0,-99.0,-71.0,233.0,2.0,147.0,-60.0,8.0,525.0,264.0,132.0,111.0,77.0,141.0,331.0,13.0
18072,False,test,CGC,Sep 2002,192.0,15.0,26.0,42.0,111.0,143.0,0.0,9.0,16.0,303.0,371.0,41.0,56.0,15.0,259.0,85.0,12.0
18072,False,test,CGC,Sep 2003,192.0,15.0,26.0,42.0,111.0,143.0,0.0,9.0,16.0,303.0,371.0,41.0,56.0,15.0,259.0,85.0,12.0
18072,False,test,CGC,Sep 2004,203.0,16.0,33.0,50.0,115.0,129.0,0.0,13.0,19.0,318.0,423.0,66.0,99.0,13.0,304.0,82.0,15.0
18072,False,test,CGC,Sep 2005,213.0,17.0,27.0,44.0,92.0,174.0,0.0,9.0,16.0,305.0,553.0,142.0,142.0,14.0,434.0,65.0,23.0
18072,False,test,CGC,Sep 2006,328.0,18.0,33.0,51.0,128.0,165.0,0.0,12.0,17.0,456.0,457.0,86.0,82.0,17.0,335.0,96.0,23.0
868076,True,train,ECGOQ,Nov 1995,108.0,0.0,10.0,10.0,12.0,7.0,0.0,9.0,13.0,120.0,105.0,44.0,41.0,7.0,49.0,12.0,31.0
868076,True,train,ECGOQ,Nov 1996,108.0,0.0,10.0,10.0,12.0,7.0,0.0,9.0,13.0,120.0,105.0,44.0,41.0,7.0,49.0,12.0,31.0
868076,True,train,ECGOQ,Nov 1997,163.0,0.0,24.0,24.0,58.0,52.0,0.0,17.0,30.0,221.0,212.0,109.0,49.0,18.0,105.0,58.0,50.0
868076,True,train,ECGOQ,Nov 1998,254.0,0.0,-30.0,-30.0,46.0,121.0,0.0,-30.0,-46.0,300.0,250.0,128.0,37.0,23.0,160.0,46.0,67.0
868076,True,train,ECGOQ,Nov 1999,225.0,0.0,-36.0,-36.0,33.0,121.0,0.0,-46.0,-46.0,258.0,237.0,103.0,67.0,17.0,191.0,33.0,75.0
2488,False,train,AMD,Dec 2016,3316.0,133.0,-293.0,-160.0,1003.0,1435.0,10603.0,-498.0,-7803.0,4319.0,3321.0,2530.0,1346.0,751.0,2905.0,1386.0,343.0
2488,False,train,AMD,Dec 2017,3466.0,144.0,118.0,262.0,1787.0,1325.0,9941.0,-33.0,-7775.0,5253.0,3552.0,2634.0,1513.0,694.0,2956.0,1660.0,487.0
2488,False,train,AMD,Dec 2018,4028.0,170.0,451.0,621.0,2447.0,1114.0,18552.0,337.0,-7436.0,6475.0,4556.0,3540.0,1984.0,845.0,3290.0,1996.0,1269.0
2488,False,train,AMD,Dec 2019,3863.0,258.0,466.0,724.0,2868.0,486.0,53656.0,341.0,-7095.0,6731.0,6028.0,4597.0,2359.0,982.0,3201.0,2237.0,1879.0
2488,False,train,AMD,Dec 2020,5416.0,354.0,1322.0,1676.0,4347.0,330.0,111061.0,2490.0,-4605.0,9763.0,8962.0,6143.0,2417.0,1399.0,3125.0,2978.0,2076.0
1013243,True,train,AAIIQ,Dec 2000,70.0,8.0,13.0,21.0,71.0,79.0,0.0,6.0,3.0,141.0,196.0,58.0,38.0,20.0,120.0,57.0,27.0
1013243,True,train,AAIIQ,Dec 2001,70.0,8.0,13.0,21.0,71.0,79.0,0.0,6.0,3.0,141.0,196.0,58.0,38.0,20.0,120.0,57.0,27.0
1013243,True,train,AAIIQ,Dec 2002,81.0,10.0,55.0,65.0,149.0,278.0,0.0,17.0,21.0,231.0,440.0,71.0,56.0,28.0,341.0,94.0,29.0
1013243,True,train,AAIIQ,Dec 2003,115.0,20.0,-21.0,-1.0,110.0,339.0,0.0,-33.0,-16.0,225.0,535.0,98.0,111.0,27.0,460.0,131.0,33.0
1013243,True,train,AAIIQ,Dec 2004,121.0,24.0,-152.0,-128.0,94.0,339.0,0.0,-191.0,-207.0,215.0,339.0,66.0,451.0,21.0,451.0,239.0,24.0
942138,True,train,SLIXQ,Dec 1998,516.0,0.0,-56.0,-56.0,257.0,239.0,0.0,33.0,78.0,773.0,776.0,353.0,255.0,150.0,558.0,257.0,161.0
942138,True,train,SLIXQ,Dec 1999,607.0,0.0,-56.0,-56.0,268.0,164.0,0.0,38.0,116.0,875.0,867.0,422.0,277.0,181.0,493.0,268.0,196.0
942138,True,train,SLIXQ,Dec 2000,633.0,0.0,-56.0,-56.0,281.0,316.0,0.0,21.0,123.0,913.0,1044.0,494.0,308.0,211.0,671.0,281.0,188.0
942138,True,train,SLIXQ,Dec 2001,664.0,0.0,-56.0,-56.0,187.0,6.0,0.0,-162.0,-44.0,851.0,873.0,422.0,650.0,179.0,714.0,243.0,175.0
942138,True,train,SLIXQ,Nov 1997,516.0,0.0,-56.0,-56.0,257.0,239.0,0.0,33.0,78.0,773.0,776.0,353.0,255.0,150.0,558.0,257.0,161.0
1020620,True,train,ATHMQ,Dec 1996,22.0,9.0,-222.0,-213.0,-15.0,229.0,0.0,-219.0,-246.0,7.0,161.0,125.0,24.0,0.0,42.0,207.0,2.0
1020620,True,train,ATHMQ,Dec 1997,22.0,9.0,-222.0,-213.0,-15.0,229.0,0.0,-219.0,-246.0,7.0,161.0,125.0,24.0,0.0,42.0,207.0,2.0
1020620,True,train,ATHMQ,Dec 1998,47.0,15.0,-151.0,-136.0,1.0,229.0,0.0,-144.0,-227.0,48.0,781.0,433.0,43.0,0.0,287.0,152.0,11.0
1020620,True,train,ATHMQ,Dec 1999,143.0,1152.0,-1471.0,-318.0,194.0,736.0,0.0,-1458.0,-1685.0,337.0,9104.0,631.0,242.0,0.0,1037.0,1665.0,71.0
1020620,True,train,ATHMQ,Dec 2000,291.0,2413.0,-7274.0,-4861.0,326.0,744.0,0.0,-7440.0,-9125.0,616.0,2107.0,363.0,310.0,0.0,1150.0,7600.0,120.0
9984,False,train,B,Dec 2016,789.0,80.0,195.0,275.0,442.0,468.0,2551.0,136.0,1177.0,1231.0,2138.0,608.0,302.0,228.0,969.0,246.0,314.0
9984,False,train,B,Dec 2017,944.0,90.0,210.0,300.0,493.0,526.0,3377.0,59.0,1207.0,1436.0,2366.0,769.0,316.0,242.0,1105.0,286.0,381.0
9984,False,train,B,Dec 2018,964.0,94.0,224.0,319.0,532.0,936.0,2753.0,166.0,1364.0,1496.0,2809.0,806.0,358.0,266.0,1606.0,301.0,439.0
9984,False,train,B,Dec 2019,944.0,99.0,227.0,327.0,547.0,825.0,3149.0,158.0,1489.0,1491.0,2738.0,764.0,343.0,233.0,1468.0,311.0,417.0
9984,False,train,B,Dec 2020,721.0,88.0,117.0,205.0,403.0,700.0,2567.0,63.0,1520.0,1124.0,2676.0,642.0,295.0,238.0,1294.0,280.0,325.0
825692,True,train,CSARQ,Dec 2004,728.0,28.0,12.0,40.0,134.0,492.0,0.0,-103.0,-55.0,862.0,859.0,409.0,162.0,71.0,751.0,163.0,91.0
825692,True,train,CSARQ,Dec 2005,728.0,28.0,12.0,40.0,134.0,492.0,0.0,-103.0,-55.0,862.0,859.0,409.0,162.0,71.0,751.0,163.0,91.0
825692,True,train,CSARQ,Dec 2006,854.0,24.0,105.0,129.0,136.0,260.0,0.0,47.0,-8.0,990.0,624.0,179.0,110.0,75.0,463.0,165.0,86.0
825692,True,train,CSARQ,Dec 2007,748.0,20.0,-8.0,12.0,106.0,253.0,0.0,-25.0,-35.0,854.0,572.0,159.0,103.0,65.0,432.0,116.0,74.0
825692,True,train,CSARQ,Dec 2008,711.0,18.0,-101.0,-83.0,109.0,36.0,0.0,-99.0,-134.0,820.0,382.0,153.0,263.0,54.0,390.0,239.0,56.0
11199,False,train,BMS,Dec 2014,3484.0,181.0,425.0,605.0,859.0,1312.0,4440.0,191.0,2087.0,4344.0,3611.0,1288.0,481.0,576.0,2178.0,451.0,496.0
11199,False,train,BMS,Dec 2015,3198.0,158.0,416.0,574.0,873.0,1354.0,4250.0,239.0,2216.0,4071.0,3490.0,1119.0,589.0,526.0,2282.0,452.0,451.0
11199,False,train,BMS,Dec 2016,3138.0,162.0,411.0,573.0,867.0,1528.0,4433.0,236.0,2342.0,4004.0,3716.0,1166.0,576.0,549.0,2456.0,427.0,462.0
11199,False,train,BMS,Dec 2017,3260.0,170.0,119.0,288.0,786.0,1542.0,4339.0,94.0,2325.0,4046.0,3700.0,1237.0,666.0,620.0,2499.0,407.0,449.0
11199,False,train,BMS,Dec 2018,3285.0,168.0,362.0,529.0,805.0,1349.0,4177.0,226.0,2457.0,4090.0,3571.0,1235.0,702.0,620.0,2355.0,384.0,443.0
32878,True,train,ENERQ,Jun 2007,190.0,21.0,4.0,25.0,66.0,316.0,0.0,4.0,-325.0,256.0,1042.0,592.0,52.0,31.0,400.0,70.0,54.0
32878,True,train,ENERQ,Jun 2008,190.0,21.0,4.0,25.0,66.0,316.0,0.0,4.0,-325.0,256.0,1042.0,592.0,52.0,31.0,400.0,70.0,54.0
32878,True,train,ENERQ,Jun 2009,218.0,34.0,25.0,58.0,99.0,316.0,0.0,12.0,-313.0,316.0,1069.0,450.0,60.0,74.0,407.0,78.0,69.0
32878,True,train,ENERQ,Jun 2010,246.0,33.0,-430.0,-398.0,8.0,244.0,0.0,-456.0,-773.0,254.0,688.0,354.0,77.0,61.0,390.0,443.0,72.0
32878,True,train,ENERQ,Jun 2011,212.0,18.0,-281.0,-262.0,21.0,232.0,0.0,-306.0,-1080.0,233.0,388.0,267.0,70.0,68.0,364.0,309.0,39.0
1107332,True,train,DNDNQ,Dec 2009,159.0,37.0,-290.0,-253.0,183.0,543.0,1134.0,-338.0,-1561.0,342.0,1001.0,670.0,78.0,70.0,649.0,474.0,36.0
1107332,True,train,DNDNQ,Dec 2010,159.0,37.0,-290.0,-253.0,183.0,543.0,1134.0,-338.0,-1561.0,342.0,1001.0,670.0,78.0,70.0,649.0,474.0,36.0
1107332,True,train,DNDNQ,Dec 2011,159.0,37.0,-290.0,-253.0,183.0,543.0,1134.0,-338.0,-1561.0,342.0,1001.0,670.0,78.0,70.0,649.0,474.0,36.0
1107332,True,train,DNDNQ,Dec 2012,228.0,40.0,-338.0,-299.0,98.0,560.0,817.0,-394.0,-1954.0,326.0,721.0,487.0,104.0,76.0,687.0,437.0,39.0
1107332,True,train,DNDNQ,Dec 2013,166.0,31.0,-242.0,-212.0,117.0,559.0,470.0,-297.0,-2251.0,284.0,434.0,284.0,104.0,54.0,682.0,360.0,35.0
1289871,True,test,MPCCQ,Dec 2003,0.0,0.0,-3.0,-3.0,0.0,0.0,0.0,-3.0,-7.0,0.0,7.0,6.0,1.0,21.0,2.0,3.0,0.0
1289871,True,test,MPCCQ,Dec 2004,0.0,0.0,-3.0,-3.0,0.0,0.0,0.0,-3.0,-7.0,0.0,7.0,6.0,1.0,21.0,2.0,3.0,0.0
1289871,True,test,MPCCQ,Dec 2005,165.0,3.0,-6.0,-3.0,22.0,0.0,0.0,-17.0,-24.0,187.0,153.0,87.0,104.0,21.0,126.0,28.0,43.0
1289871,True,test,MPCCQ,Dec 2006,254.0,7.0,-39.0,-32.0,31.0,0.0,0.0,-59.0,-83.0,285.0,122.0,81.0,91.0,18.0,144.0,70.0,46.0
1289871,True,test,MPCCQ,Dec 2007,317.0,7.0,-14.0,-7.0,48.0,0.0,0.0,-11.0,-94.0,365.0,266.0,179.0,217.0,62.0,266.0,62.0,86.0
216039,True,train,GRBEQ,Dec 2008,517.0,30.0,-255.0,-225.0,94.0,16.0,79.0,-331.0,-333.0,612.0,520.0,370.0,407.0,0.0,450.0,350.0,59.0
216039,True,train,GRBEQ,Dec 2009,21.0,18.0,-106.0,-88.0,514.0,124.0,81.0,-79.0,-412.0,536.0,357.0,121.0,105.0,0.0,356.0,620.0,45.0
216039,True,train,GRBEQ,Dec 2010,17.0,21.0,-71.0,-49.0,559.0,101.0,82.0,-67.0,-479.0,575.0,287.0,103.0,106.0,0.0,355.0,629.0,45.0
216039,True,train,GRBEQ,Jun 2006,382.0,9.0,2.0,11.0,131.0,16.0,296.0,3.0,-47.0,513.0,269.0,213.0,210.0,0.0,221.0,129.0,19.0
216039,True,train,GRBEQ,Jun 2007,382.0,9.0,2.0,11.0,131.0,16.0,296.0,3.0,-47.0,513.0,269.0,213.0,210.0,0.0,221.0,129.0,19.0
8411,False,train,ATW,Sep 2012,347.2,70.6,319.8,390.4,440.2,830.0,2974.8,272.2,1716.4,787.4,2943.8,370.5,137.6,80.3,1004.3,120.8,172.9
8411,False,train,ATW,Sep 2013,458.9,117.5,429.7,547.2,604.7,1263.2,3525.7,350.2,1961.4,1063.7,3657.3,453.8,156.9,121.8,1449.9,175.3,204.4
8411,False,train,ATW,Sep 2014,562.4,147.4,439.1,586.5,611.6,1742.1,2812.0,340.8,2286.1,1174.0,4507.2,497.8,167.4,132.4,1951.7,172.8,248.9
8411,False,train,ATW,Sep 2015,559.2,171.9,531.5,703.5,836.7,1678.3,957.5,432.6,2670.1,1395.9,4801.3,605.9,135.4,138.0,1854.2,305.3,320.2
8411,False,train,ATW,Sep 2016,406.8,165.7,381.3,547.0,613.8,1227.9,563.1,265.3,2929.8,1020.6,4539.8,393.0,49.4,109.9,1309.4,319.5,119.2
3453,False,train,MATX,Dec 2016,1618.0,97.0,155.0,252.0,324.0,707.0,1518.0,81.0,197.0,1942.0,2016.0,274.0,278.0,4.0,1521.0,183.0,231.0
3453,False,train,MATX,Dec 2017,1721.0,101.0,149.0,251.0,326.0,826.0,1268.0,231.0,381.0,2047.0,2252.0,266.0,286.0,4.0,1574.0,207.0,197.0
3453,False,train,MATX,Dec 2018,1875.0,94.0,166.0,261.0,348.0,814.0,1367.0,109.0,460.0,2223.0,2430.0,318.0,371.0,4.0,1675.0,221.0,251.0
3453,False,train,MATX,Dec 2019,1878.0,161.0,130.0,291.0,325.0,910.0,1750.0,83.0,504.0,2203.0,2845.0,290.0,437.0,4.0,2040.0,217.0,219.0
3453,False,train,MATX,Dec 2020,1904.0,190.0,286.0,476.0,479.0,686.0,2461.0,193.0,658.0,2383.0,2901.0,306.0,512.0,4.0,1939.0,225.0,254.0
4447,False,train,HES,Dec 2016,6284.0,3244.0,-3516.0,-272.0,-1522.0,6694.0,19716.0,-6132.0,10147.0,4762.0,28621.0,4276.0,2251.0,323.0,13030.0,1856.0,1026.0
4447,False,train,HES,Dec 2017,4445.0,2883.0,-5453.0,-2570.0,1021.0,6397.0,14956.0,-4074.0,5597.0,5466.0,23112.0,6157.0,2435.0,232.0,10758.0,2196.0,1024.0
4447,False,train,HES,Dec 2018,3188.0,1883.0,619.0,2502.0,3135.0,6605.0,11803.0,-282.0,4257.0,6323.0,21433.0,4459.0,2203.0,245.0,10545.0,2606.0,1001.0
4447,False,train,HES,Dec 2019,3543.0,2122.0,601.0,2723.0,2952.0,7142.0,20374.0,-408.0,3535.0,6495.0,21782.0,3156.0,2510.0,261.0,12076.0,2366.0,1170.0
4447,False,train,HES,Dec 2020,3416.0,2074.0,-2382.0,-308.0,1251.0,8286.0,16205.0,-3093.0,130.0,4667.0,18821.0,3081.0,1623.0,378.0,12486.0,1644.0,860.0
802301,True,train,SGICQ,Jun 2001,465.0,56.0,-68.0,-12.0,265.0,262.0,0.0,-76.0,-1722.0,730.0,452.0,316.0,267.0,76.0,643.0,361.0,108.0
802301,True,train,SGICQ,Jun 2002,465.0,56.0,-68.0,-12.0,265.0,262.0,0.0,-76.0,-1722.0,730.0,452.0,316.0,267.0,76.0,643.0,361.0,108.0
802301,True,train,SGICQ,Jun 2003,465.0,56.0,-68.0,-12.0,265.0,262.0,0.0,-76.0,-1722.0,730.0,452.0,316.0,267.0,76.0,643.0,361.0,108.0
802301,True,train,SGICQ,Jun 2004,465.0,56.0,-68.0,-12.0,265.0,262.0,0.0,-76.0,-1722.0,730.0,452.0,316.0,267.0,76.0,643.0,361.0,108.0
802301,True,train,SGICQ,Jun 2005,465.0,56.0,-68.0,-12.0,265.0,262.0,0.0,-76.0,-1722.0,730.0,452.0,316.0,267.0,76.0,643.0,361.0,108.0
7039,False,train,TREC,Dec 2016,172.5,9.8,31.9,41.7,39.9,73.1,335.2,19.4,108.4,212.4,290.5,55.9,26.7,17.9,126.1,21.2,26.2
7039,False,train,TREC,Dec 2017,203.6,11.0,18.2,29.2,41.6,91.0,328.1,18.0,126.5,245.1,327.3,56.5,31.5,19.4,142.3,23.3,31.4
7039,False,train,TREC,Dec 2018,260.1,14.4,1.7,16.1,27.8,98.3,191.1,-2.3,124.1,287.9,330.0,94.0,29.5,18.1,144.8,23.3,27.3
7039,False,train,TREC,Dec 2019,220.4,16.2,-11.3,4.9,38.5,79.1,177.3,-15.0,109.1,259.0,301.8,84.1,28.6,15.5,130.4,25.2,27.6
7039,False,train,TREC,Dec 2020,179.9,16.1,3.5,19.6,28.7,48.0,173.5,31.2,140.3,208.6,316.8,105.9,29.6,15.3,112.4,25.7,28.1
909326,True,train,ASYTQ,Mar 2004,491.0,28.0,-12.0,17.0,122.0,89.0,0.0,-18.0,-366.0,613.0,484.0,359.0,223.0,34.0,266.0,140.0,190.0
909326,True,train,ASYTQ,Mar 2005,491.0,28.0,-12.0,17.0,122.0,89.0,0.0,-18.0,-366.0,613.0,484.0,359.0,223.0,34.0,266.0,140.0,190.0
909326,True,train,ASYTQ,Mar 2006,298.0,23.0,40.0,63.0,161.0,87.0,0.0,0.0,-385.0,459.0,415.0,311.0,160.0,33.0,195.0,129.0,141.0
909326,True,train,ASYTQ,Mar 2007,338.0,29.0,17.0,46.0,155.0,86.0,0.0,0.0,-385.0,492.0,466.0,305.0,256.0,52.0,371.0,144.0,126.0
909326,True,train,ASYTQ,Mar 2008,318.0,25.0,-6.0,19.0,139.0,113.0,0.0,-14.0,-400.0,457.0,446.0,274.0,221.0,39.0,358.0,152.0,120.0
9092,False,train,BMI,Dec 2016,243.2,22.4,50.8,73.2,150.6,5.5,1075.9,32.3,223.9,393.8,349.7,151.0,75.8,77.7,93.5,99.8,59.8
9092,False,train,BMI,Dec 2017,246.7,24.4,55.6,80.0,155.7,5.5,1391.9,34.6,244.2,402.4,391.7,158.6,93.1,85.2,114.3,100.1,58.2
9092,False,train,BMI,Dec 2018,271.4,24.3,37.0,61.3,162.3,5.5,1432.9,27.8,257.3,433.7,392.7,164.7,60.0,80.8,89.2,125.3,66.3
9092,False,train,BMI,Dec 2019,261.1,24.1,61.9,86.0,163.5,5.5,1890.7,47.2,285.9,424.6,421.9,200.1,57.2,81.9,90.8,101.7,61.4
9092,False,train,BMI,Dec 2020,257.3,25.2,65.0,90.2,168.2,5.5,2741.6,49.3,314.9,425.5,471.2,223.7,68.0,81.6,110.0,103.2,61.7
11860,False,train,BHMSQ,Dec 1996,3709.0,0.0,-872.0,-866.0,206.0,754.0,0.0,-183.0,-771.0,3915.0,5536.0,1209.0,1033.0,865.0,4259.0,206.0,235.0
11860,False,train,BHMSQ,Dec 1997,3709.0,0.0,-872.0,-866.0,206.0,754.0,0.0,-183.0,-771.0,3915.0,5536.0,1209.0,1033.0,865.0,4259.0,206.0,235.0
11860,False,train,BHMSQ,Dec 1998,3709.0,0.0,-872.0,-866.0,206.0,754.0,0.0,-183.0,-771.0,3915.0,5536.0,1209.0,1033.0,865.0,4259.0,206.0,235.0
11860,False,train,BHMSQ,Dec 1999,3709.0,0.0,-872.0,-866.0,206.0,754.0,0.0,-183.0,-771.0,3915.0,5536.0,1209.0,1033.0,865.0,4259.0,206.0,235.0
11860,False,train,BHMSQ,Dec 2000,3919.0,0.0,-872.0,-866.0,278.0,798.0,0.0,-118.0,-889.0,4197.0,5467.0,1146.0,927.0,874.0,4347.0,278.0,152.0
910619,True,train,MCOAQ,Dec 2003,1227.0,11.0,60.0,71.0,170.0,35.0,616.0,37.0,262.0,1397.0,540.0,343.0,201.0,177.0,221.0,110.0,127.0
910619,True,train,MCOAQ,Dec 2004,1227.0,11.0,60.0,71.0,170.0,35.0,616.0,37.0,262.0,1397.0,540.0,343.0,201.0,177.0,221.0,110.0,127.0
910619,True,train,MCOAQ,Dec 2005,1111.0,11.0,7.0,18.0,125.0,35.0,397.0,3.0,257.0,1236.0,587.0,342.0,214.0,183.0,271.0,118.0,103.0
910619,True,train,MCOAQ,Dec 2006,1173.0,14.0,4.0,19.0,125.0,29.0,423.0,1.0,251.0,1298.0,558.0,301.0,191.0,164.0,243.0,121.0,88.0
910619,True,train,MCOAQ,Dec 2007,1131.0,14.0,24.0,38.0,141.0,23.0,269.0,12.0,256.0,1272.0,564.0,304.0,192.0,167.0,238.0,117.0,88.0
4310,False,train,AZA,Dec 1996,460.0,29.0,-156.0,-127.0,5.0,903.0,0.0,-261.0,-76.0,464.0,1369.0,358.0,105.0,38.0,1068.0,209.0,119.0
4310,False,train,AZA,Dec 1997,460.0,29.0,-156.0,-127.0,5.0,903.0,0.0,-261.0,-76.0,464.0,1369.0,358.0,105.0,38.0,1068.0,209.0,119.0
4310,False,train,AZA,Dec 1998,117.0,32.0,229.0,261.0,468.0,923.0,0.0,112.0,36.0,585.0,1576.0,389.0,118.0,51.0,1121.0,263.0,142.0
4310,False,train,AZA,Dec 1999,158.0,42.0,191.0,232.0,638.0,939.0,0.0,91.0,-12.0,796.0,1853.0,433.0,135.0,69.0,1161.0,488.0,126.0
4310,False,train,AZA,Dec 2000,193.0,52.0,315.0,367.0,796.0,1073.0,0.0,223.0,211.0,989.0,2922.0,1275.0,151.0,65.0,1358.0,540.0,169.0
16873,False,test,NXY,Dec 2005,795.0,1802.0,816.0,2618.0,5009.0,7251.0,13188.0,536.0,6722.0,5804.0,22900.0,5551.0,3153.0,680.0,15318.0,4193.0,2788.0
16873,False,test,NXY,Dec 2006,795.0,1802.0,816.0,2618.0,5009.0,7251.0,13188.0,536.0,6722.0,5804.0,22900.0,5551.0,3153.0,680.0,15318.0,4193.0,2788.0
16873,False,test,NXY,Dec 2007,795.0,1802.0,816.0,2618.0,5009.0,7251.0,13188.0,536.0,6722.0,5804.0,22900.0,5551.0,3153.0,680.0,15318.0,4193.0,2788.0
16873,False,test,NXY,Dec 2008,795.0,1802.0,816.0,2618.0,5009.0,7251.0,13188.0,536.0,6722.0,5804.0,22900.0,5551.0,3153.0,680.0,15318.0,4193.0,2788.0
16873,False,test,NXY,Dec 2009,795.0,1802.0,816.0,2618.0,5009.0,7251.0,13188.0,536.0,6722.0,5804.0,22900.0,5551.0,3153.0,680.0,15318.0,4193.0,2788.0
5768,False,train,ASEI,Mar 2009,125.4,4.29,43.84,48.14,92.97,0.0,508.17,28.35,89.76,218.37,268.29,242.12,73.1,47.98,86.22,50.94,36.96
5768,False,train,ASEI,Mar 2010,131.02,4.54,54.98,59.52,111.07,0.0,675.29,36.18,117.91,242.09,299.85,275.7,63.7,45.39,78.08,56.75,37.73
5768,False,train,ASEI,Mar 2011,149.37,4.96,64.98,69.95,129.2,0.0,846.94,42.82,149.86,278.58,336.57,302.03,61.42,46.92,70.49,64.76,37.18
5768,False,train,ASEI,Mar 2012,110.44,5.77,32.55,38.32,93.12,0.0,599.61,21.42,156.86,203.55,324.87,297.45,58.64,48.18,66.06,61.17,25.44
5768,False,train,ASEI,Mar 2013,107.26,5.11,26.51,31.63,79.42,0.0,486.71,17.45,157.47,186.68,281.45,254.97,68.49,48.05,77.2,53.15,33.35
1725526,True,test,HPR,Dec 2016,212.5,171.6,-111.0,60.6,-33.7,709.5,529.3,-170.4,-542.3,178.8,1385.3,318.5,85.0,0.0,813.8,41.9,32.8
1725526,True,test,HPR,Dec 2017,201.3,160.0,-81.9,78.0,51.6,615.9,566.2,-138.2,-681.1,252.8,1390.7,367.7,148.9,0.0,792.2,41.0,51.4
1725526,True,test,HPR,Dec 2018,297.7,228.5,175.8,404.2,155.3,617.4,529.1,121.2,-559.8,453.0,2252.5,189.8,248.2,0.0,1040.4,46.5,72.9
1725526,True,test,HPR,Dec 2019,393.3,321.3,-118.8,202.4,59.4,758.9,361.1,-134.8,-694.7,452.7,2156.1,86.4,175.5,0.0,1072.7,45.3,62.1
1725526,True,test,HPR,Dec 2020,199.4,149.0,-1201.0,-1052.0,51.0,760.4,39.4,-1164.0,-1858.7,250.3,826.6,90.2,84.2,0.0,903.3,42.8,38.3
902270,True,train,LENXQ,Dec 2003,78.0,4.0,40.0,44.0,86.0,90.0,0.0,24.0,301.0,165.0,167.0,97.0,15.0,16.0,24.0,54.0,28.0
902270,True,train,LENXQ,Dec 2004,78.0,4.0,40.0,44.0,86.0,90.0,0.0,24.0,301.0,165.0,167.0,97.0,15.0,16.0,24.0,54.0,28.0
902270,True,train,LENXQ,Dec 2005,175.0,9.0,33.0,42.0,156.0,90.0,0.0,15.0,316.0,331.0,470.0,173.0,94.0,94.0,308.0,123.0,56.0
902270,True,train,LENXQ,Dec 2006,258.0,17.0,-34.0,-17.0,245.0,99.0,0.0,-49.0,266.0,503.0,374.0,179.0,149.0,102.0,232.0,279.0,53.0
902270,True,train,LENXQ,Dec 2007,235.0,16.0,-13.0,3.0,217.0,99.0,0.0,-16.0,250.0,452.0,352.0,167.0,62.0,84.0,216.0,224.0,53.0
922471,True,train,BDGPA,Dec 1997,1341.0,0.0,123.0,123.0,1276.0,3635.0,0.0,-49.0,-13.0,2616.0,5134.0,1064.0,517.0,81.0,3901.0,1276.0,425.0
922471,True,train,BDGPA,Dec 1998,1341.0,0.0,123.0,123.0,1276.0,3635.0,0.0,-49.0,-13.0,2616.0,5134.0,1064.0,517.0,81.0,3901.0,1276.0,425.0
922471,True,train,BDGPA,Dec 1999,939.0,0.0,123.0,123.0,1410.0,3638.0,0.0,-65.0,-77.0,2350.0,5083.0,474.0,585.0,81.0,3932.0,1410.0,416.0
922471,True,train,BDGPA,Dec 2000,1169.0,0.0,123.0,123.0,1268.0,3457.0,0.0,-605.0,-682.0,2436.0,4520.0,411.0,862.0,81.0,4027.0,1268.0,336.0
922471,True,train,BDGPA,Dec 2001,901.0,0.0,123.0,123.0,1260.0,3457.0,0.0,-139.0,-820.0,2161.0,4470.0,858.0,4408.0,81.0,4116.0,1137.0,330.0
1060390,True,train,THEGQ,Sep 2002,507.0,22.0,-15.0,6.0,265.0,48.0,0.0,-12.0,-128.0,772.0,308.0,171.0,84.0,118.0,143.0,281.0,18.0
1060390,True,train,THEGQ,Sep 2003,507.0,22.0,-15.0,6.0,265.0,48.0,0.0,-12.0,-128.0,772.0,308.0,171.0,84.0,118.0,143.0,281.0,18.0
1060390,True,train,THEGQ,Sep 2004,468.0,23.0,-21.0,3.0,298.0,35.0,0.0,-18.0,-146.0,765.0,301.0,152.0,96.0,107.0,145.0,318.0,18.0
1060390,True,train,THEGQ,Sep 2005,481.0,25.0,-37.0,-12.0,314.0,63.0,0.0,-74.0,-220.0,795.0,284.0,158.0,119.0,112.0,201.0,361.0,28.0
1060390,True,train,THEGQ,Sep 2006,456.0,26.0,-13.0,13.0,319.0,50.0,0.0,-16.0,-240.0,775.0,260.0,148.0,109.0,109.0,192.0,333.0,29.0
10081,False,train,BRL,Dec 2007,1171.0,298.0,367.0,665.0,1329.0,1782.0,0.0,128.0,1006.0,2501.0,4762.0,1750.0,779.0,501.0,2819.0,1017.0,583.0
10081,False,train,BRL,Jun 2003,633.0,32.0,197.0,229.0,676.0,32.0,0.0,123.0,665.0,1309.0,1333.0,878.0,208.0,150.0,291.0,483.0,215.0
10081,False,train,BRL,Jun 2004,633.0,32.0,197.0,229.0,676.0,32.0,0.0,123.0,665.0,1309.0,1333.0,878.0,208.0,150.0,291.0,483.0,215.0
10081,False,train,BRL,Jun 2005,304.0,41.0,331.0,372.0,743.0,15.0,0.0,215.0,880.0,1047.0,1483.0,993.0,213.0,138.0,249.0,427.0,174.0
10081,False,train,BRL,Jun 2006,352.0,62.0,523.0,585.0,962.0,7.0,0.0,336.0,1216.0,1314.0,1921.0,1109.0,187.0,134.0,230.0,475.0,276.0
12978,False,train,OMX,Dec 2008,5474.0,116.0,-4.0,112.0,1738.0,1745.0,1074.0,1.0,-602.0,7212.0,4070.0,2021.0,1092.0,806.0,3510.0,1742.0,539.0
12978,False,train,OMX,Dec 2009,5474.0,116.0,-4.0,112.0,1738.0,1745.0,1074.0,1.0,-602.0,7212.0,4070.0,2021.0,1092.0,806.0,3510.0,1742.0,539.0
12978,False,train,OMX,Dec 2010,5300.0,101.0,146.0,247.0,1850.0,1740.0,1506.0,71.0,-534.0,7150.0,4079.0,2014.0,1044.0,846.0,3380.0,1703.0,547.0
12978,False,train,OMX,Dec 2011,5312.0,84.0,86.0,171.0,1809.0,1699.0,391.0,35.0,-501.0,7121.0,4069.0,1939.0,1013.0,822.0,3436.0,1723.0,559.0
12978,False,train,OMX,Dec 2012,5136.0,74.0,24.0,98.0,1784.0,961.0,848.0,417.0,-91.0,6920.0,3784.0,1984.0,1057.0,812.0,2661.0,1760.0,528.0
1451951,True,test,FFNTQ,Dec 2008,92.0,44.0,46.0,90.0,236.0,432.0,23.0,-41.0,-187.0,328.0,552.0,62.0,185.0,1.0,684.0,178.0,12.0
1451951,True,test,FFNTQ,Dec 2009,92.0,44.0,46.0,90.0,236.0,432.0,23.0,-41.0,-187.0,328.0,552.0,62.0,185.0,1.0,684.0,178.0,12.0
1451951,True,test,FFNTQ,Dec 2010,110.0,29.0,-41.0,-12.0,236.0,511.0,23.0,-43.0,-231.0,346.0,533.0,63.0,138.0,1.0,683.0,164.0,10.0
1451951,True,test,FFNTQ,Dec 2011,108.0,20.0,-33.0,-13.0,222.0,463.0,23.0,-31.0,-262.0,330.0,493.0,54.0,131.0,1.0,622.0,157.0,9.0
1451951,True,test,FFNTQ,Dec 2012,109.0,17.0,-34.0,-17.0,205.0,463.0,20.0,-49.0,-311.0,314.0,452.0,45.0,603.0,1.0,629.0,150.0,12.0
18061,False,test,CASC,Jan 2008,243.0,12.0,-31.0,-19.0,71.0,56.0,315.0,-39.0,180.0,314.0,342.0,160.0,48.0,63.0,126.0,103.0,51.0
18061,False,test,CASC,Jan 2009,243.0,12.0,-31.0,-19.0,71.0,56.0,315.0,-39.0,180.0,314.0,342.0,160.0,48.0,63.0,126.0,103.0,51.0
18061,False,test,CASC,Jan 2010,243.0,12.0,-31.0,-19.0,71.0,56.0,315.0,-39.0,180.0,314.0,342.0,160.0,48.0,63.0,126.0,103.0,51.0
18061,False,test,CASC,Jan 2011,287.0,10.0,42.0,52.0,123.0,42.0,516.0,21.0,198.0,410.0,359.0,183.0,48.0,67.0,111.0,80.0,66.0
18061,False,test,CASC,Jan 2012,366.0,10.0,87.0,97.0,169.0,5.0,630.0,63.0,251.0,536.0,395.0,212.0,57.0,87.0,84.0,82.0,78.0
1005015,True,train,AVSV,Sep 1997,473.0,0.0,-8.0,-8.0,224.0,396.0,0.0,0.0,12.0,697.0,698.0,165.0,108.0,0.0,522.0,224.0,125.0
1005015,True,train,AVSV,Sep 1998,473.0,0.0,-8.0,-8.0,224.0,396.0,0.0,0.0,12.0,697.0,698.0,165.0,108.0,0.0,522.0,224.0,125.0
1005015,True,train,AVSV,Sep 1999,529.0,0.0,-8.0,-8.0,197.0,426.0,0.0,-52.0,-41.0,726.0,660.0,131.0,96.0,0.0,537.0,197.0,100.0
1005015,True,train,AVSV,Sep 2000,319.0,0.0,-8.0,-8.0,101.0,345.0,0.0,-112.0,-153.0,420.0,414.0,64.0,53.0,0.0,407.0,101.0,48.0
1005015,True,train,AVSV,Sep 2001,343.0,0.0,-8.0,-8.0,53.0,345.0,0.0,-56.0,-208.0,396.0,392.0,51.0,431.0,0.0,439.0,53.0,32.0
9534,False,train,BDG.A,Dec 2002,508.0,26.0,86.0,113.0,308.0,0.0,0.0,60.0,477.0,816.0,661.0,466.0,148.0,63.0,183.0,234.0,157.0
9534,False,train,BDG.A,Dec 2003,508.0,26.0,86.0,113.0,308.0,0.0,0.0,60.0,477.0,816.0,661.0,466.0,148.0,63.0,183.0,234.0,157.0
9534,False,train,BDG.A,Dec 2004,536.0,27.0,87.0,114.0,318.0,0.0,0.0,67.0,513.0,854.0,731.0,486.0,159.0,70.0,194.0,236.0,158.0
9534,False,train,BDG.A,Dec 2005,598.0,26.0,75.0,102.0,323.0,0.0,0.0,49.0,529.0,921.0,755.0,476.0,164.0,85.0,190.0,255.0,174.0
9534,False,train,BDG.A,Dec 2006,662.0,27.0,58.0,85.0,322.0,0.0,0.0,20.0,516.0,984.0,753.0,427.0,147.0,85.0,174.0,273.0,163.0
9342,False,train,BEZ,Dec 2005,597.0,20.0,82.0,102.0,214.0,97.0,0.0,48.0,403.0,811.0,524.0,304.0,92.0,116.0,219.0,133.0,118.0
9342,False,train,BEZ,Dec 2006,597.0,20.0,82.0,102.0,214.0,97.0,0.0,48.0,403.0,811.0,524.0,304.0,92.0,116.0,219.0,133.0,118.0
9342,False,train,BEZ,Dec 2007,1280.0,72.0,255.0,327.0,545.0,1356.0,0.0,94.0,466.0,1825.0,2822.0,695.0,255.0,310.0,2011.0,292.0,282.0
9342,False,train,BEZ,Dec 2008,1376.0,82.0,255.0,336.0,578.0,1319.0,0.0,99.0,534.0,1955.0,2834.0,717.0,295.0,345.0,1995.0,330.0,276.0
9342,False,train,BEZ,Dec 2009,1081.0,72.0,208.0,281.0,443.0,1156.0,0.0,60.0,562.0,1524.0,2652.0,603.0,194.0,277.0,1728.0,261.0,229.0
29806,True,train,CNSTQ,Dec 2004,828.0,36.0,30.0,66.0,99.0,393.0,0.0,-12.0,-301.0,927.0,504.0,190.0,124.0,83.0,549.0,72.0,61.0
29806,True,train,CNSTQ,Dec 2005,828.0,36.0,30.0,66.0,99.0,393.0,0.0,-12.0,-301.0,927.0,504.0,190.0,124.0,83.0,549.0,72.0,61.0
29806,True,train,CNSTQ,Dec 2006,828.0,36.0,30.0,66.0,99.0,393.0,0.0,-12.0,-301.0,927.0,504.0,190.0,124.0,83.0,549.0,72.0,61.0
29806,True,train,CNSTQ,Dec 2007,801.0,33.0,14.0,47.0,80.0,394.0,0.0,-26.0,-329.0,882.0,472.0,161.0,122.0,73.0,545.0,65.0,62.0
29806,True,train,CNSTQ,Dec 2008,823.0,35.0,-20.0,16.0,35.0,168.0,0.0,-58.0,-387.0,858.0,418.0,135.0,336.0,50.0,579.0,35.0,46.0
1315054,True,test,WRSPQ,Dec 2003,15.0,92.0,-191.0,-99.0,-6.0,155.0,0.0,-577.0,-2113.0,9.0,649.0,161.0,114.0,1.0,2338.0,184.0,2.0
1315054,True,test,WRSPQ,Dec 2004,15.0,92.0,-191.0,-99.0,-6.0,155.0,0.0,-577.0,-2113.0,9.0,649.0,161.0,114.0,1.0,2338.0,184.0,2.0
1315054,True,test,WRSPQ,Dec 2005,25.0,63.0,-140.0,-77.0,-13.0,1969.0,0.0,-80.0,-2193.0,12.0,724.0,291.0,70.0,5.0,2217.0,150.0,3.0
1315054,True,test,WRSPQ,Dec 2006,44.0,60.0,-176.0,-115.0,-29.0,155.0,0.0,-129.0,-2322.0,16.0,569.0,183.0,76.0,4.0,2172.0,154.0,3.0
1315054,True,test,WRSPQ,Dec 2007,38.0,63.0,-159.0,-96.0,-24.0,67.0,0.0,-170.0,-2494.0,14.0,340.0,17.0,86.0,2.0,2091.0,126.0,1.0
6955,False,train,EPAC,Aug 2017,356.2,22.9,-88.7,-65.7,260.4,531.9,1437.2,-66.2,1191.0,616.6,1517.0,646.9,378.9,143.7,1016.4,217.2,190.2
6955,False,train,EPAC,Aug 2018,358.0,20.4,50.1,70.5,283.3,502.7,1796.0,-21.6,1167.0,641.3,1485.2,1047.2,354.0,72.0,926.5,219.5,123.3
6955,False,train,EPAC,Aug 2019,362.1,20.2,46.9,67.1,292.7,452.9,1342.9,-249.1,915.5,654.8,1124.3,730.3,300.4,77.2,823.1,218.2,125.9
6955,False,train,EPAC,Aug 2020,276.1,20.7,27.1,47.8,217.2,255.0,1243.7,0.7,917.7,493.3,824.3,341.1,105.5,69.2,465.1,188.8,84.2
6955,False,train,EPAC,Aug 2021,285.5,21.6,49.2,70.9,243.2,175.0,1515.2,38.1,953.3,528.7,820.2,357.4,134.8,75.3,408.0,183.5,103.2
12208,False,train,BIO,Dec 2016,930.0,143.0,65.0,208.0,1138.0,434.0,5391.0,26.0,1829.0,2068.0,3851.0,1845.0,471.0,525.0,1271.0,1020.0,372.0
12208,False,train,BIO,Dec 2017,972.0,149.0,121.0,270.0,1188.0,435.0,7109.0,122.0,1830.0,2160.0,4273.0,1977.0,503.0,595.0,1343.0,1057.0,465.0
12208,False,train,BIO,Dec 2018,1066.0,138.0,537.0,675.0,1223.0,439.0,6920.0,366.0,3722.0,2289.0,5611.0,2023.0,451.0,584.0,1591.0,1034.0,392.0
12208,False,train,BIO,Dec 2019,1055.0,134.0,2284.0,2419.0,1257.0,2.0,11073.0,1759.0,5471.0,2312.0,8009.0,2180.0,905.0,554.0,2254.0,1027.0,393.0
12208,False,train,BIO,Dec 2020,1108.0,139.0,4940.0,5078.0,1438.0,1.0,17397.0,3814.0,9268.0,2546.0,12973.0,2140.0,632.0,622.0,3093.0,1017.0,419.0
9326,False,train,BCPC,Dec 2016,372.3,46.2,90.2,136.4,180.9,245.5,2665.1,56.0,388.1,553.2,948.6,188.4,101.0,57.2,427.6,90.0,83.3
9326,False,train,BCPC,Dec 2017,405.8,44.4,96.0,140.4,189.0,184.0,2580.8,90.1,464.6,594.8,963.6,199.3,108.4,60.7,346.8,92.1,91.2
9326,False,train,BCPC,Dec 2018,439.4,44.7,106.6,151.3,204.3,156.0,2527.3,78.6,528.0,643.7,981.4,226.3,82.1,67.2,289.7,97.2,99.5
9326,False,train,BCPC,Dec 2019,432.3,45.9,102.4,148.3,211.4,248.6,3272.7,79.7,590.9,643.7,1155.7,254.9,92.3,83.9,412.0,108.8,93.4
9326,False,train,BCPC,Dec 2020,479.7,51.3,110.9,162.1,223.9,163.6,3730.0,84.6,656.7,703.6,1165.8,266.9,94.4,70.6,337.6,112.8,98.2
1800,False,train,ABT,Dec 2016,9094.0,1353.0,1844.0,3197.0,11759.0,20681.0,56573.0,1400.0,25565.0,20853.0,52666.0,26776.0,6660.0,2434.0,31949.0,8733.0,5054.0
1800,False,train,ABT,Dec 2017,12409.0,3021.0,3135.0,6156.0,14981.0,27210.0,99507.0,477.0,23978.0,27390.0,76250.0,20147.0,8912.0,3601.0,45152.0,13417.0,6916.0
1800,False,train,ABT,Dec 2018,12706.0,3278.0,3699.0,6977.0,17872.0,19359.0,126984.0,2368.0,24560.0,30578.0,67173.0,14632.0,9012.0,3796.0,36451.0,14222.0,6750.0
1800,False,train,ABT,Dec 2019,13231.0,3014.0,4747.0,7761.0,18673.0,16661.0,153091.0,3687.0,25847.0,31904.0,67887.0,15667.0,10863.0,4316.0,36586.0,14141.0,7211.0
1800,False,train,ABT,Dec 2020,15003.0,3327.0,5514.0,8841.0,19605.0,18527.0,193932.0,4495.0,27627.0,34608.0,72548.0,20441.0,11907.0,5012.0,39545.0,14248.0,8281.0
3370,False,train,IKN,Sep 2003,1427.0,92.0,261.0,354.0,3223.0,1165.0,0.0,92.0,762.0,4650.0,4538.0,2085.0,1257.0,233.0,2812.0,3015.0,1230.0
3370,False,train,IKN,Sep 2004,1427.0,92.0,261.0,354.0,3223.0,1165.0,0.0,92.0,762.0,4650.0,4538.0,2085.0,1257.0,233.0,2812.0,3015.0,1230.0
3370,False,train,IKN,Sep 2005,1439.0,81.0,157.0,238.0,2939.0,953.0,0.0,61.0,756.0,4377.0,3832.0,1728.0,937.0,241.0,2261.0,2783.0,996.0
3370,False,train,IKN,Sep 2006,2786.0,73.0,209.0,283.0,1442.0,658.0,0.0,106.0,828.0,4228.0,3232.0,1380.0,758.0,215.0,1546.0,1240.0,669.0
3370,False,train,IKN,Sep 2007,2785.0,72.0,214.0,286.0,1383.0,758.0,0.0,114.0,918.0,4168.0,3278.0,1364.0,682.0,288.0,1567.0,1180.0,644.0
1132645,True,val,TMYEQ,Dec 2003,0.0,1.0,-3.0,-2.0,4.0,24.0,0.0,-4.0,-16.0,4.0,100.0,21.0,26.0,0.0,42.0,7.0,4.0
1132645,True,val,TMYEQ,Dec 2004,0.0,1.0,-3.0,-2.0,4.0,24.0,0.0,-4.0,-16.0,4.0,100.0,21.0,26.0,0.0,42.0,7.0,4.0
1132645,True,val,TMYEQ,Dec 2005,0.0,9.0,-10.0,-1.0,8.0,223.0,0.0,-21.0,-38.0,8.0,314.0,75.0,34.0,2.0,257.0,18.0,4.0
1132645,True,val,TMYEQ,Dec 2006,2.0,23.0,-18.0,5.0,23.0,268.0,0.0,-53.0,-92.0,25.0,357.0,24.0,18.0,1.0,331.0,41.0,8.0
1132645,True,val,TMYEQ,Dec 2007,4.0,28.0,-21.0,8.0,30.0,273.0,0.0,-58.0,-166.0,34.0,406.0,7.0,57.0,1.0,421.0,50.0,4.0
1133324,True,val,INPC,Dec 2002,77.0,5.0,-19.0,-14.0,60.0,3.0,0.0,-20.0,-94.0,136.0,64.0,46.0,48.0,4.0,119.0,79.0,11.0
1133324,True,val,INPC,Dec 2003,77.0,5.0,-19.0,-14.0,60.0,3.0,0.0,-20.0,-94.0,136.0,64.0,46.0,48.0,4.0,119.0,79.0,11.0
1133324,True,val,INPC,Dec 2004,116.0,6.0,-10.0,-3.0,88.0,15.0,0.0,-10.0,-126.0,204.0,164.0,145.0,51.0,11.0,52.0,98.0,19.0
1133324,True,val,INPC,Dec 2005,192.0,10.0,-39.0,-29.0,129.0,15.0,0.0,-38.0,-165.0,321.0,194.0,135.0,79.0,18.0,94.0,168.0,35.0
1133324,True,val,INPC,Dec 2006,218.0,17.0,-63.0,-46.0,152.0,64.0,0.0,-64.0,-228.0,370.0,264.0,187.0,127.0,23.0,191.0,215.0,64.0
8063,False,train,ATRO,Dec 2016,473.7,25.8,74.9,100.7,159.5,145.5,984.7,48.4,305.5,633.1,604.3,255.1,86.6,116.6,266.9,84.6,109.4
8063,False,train,ATRO,Dec 2017,487.4,27.1,48.3,75.4,137.1,269.1,1162.8,19.7,325.2,624.5,736.0,315.3,102.9,150.2,406.0,88.8,132.6
8063,False,train,ATRO,Dec 2018,622.6,35.0,63.7,98.7,180.7,232.1,992.5,46.8,376.6,803.3,774.6,374.2,128.1,138.7,388.0,117.0,182.3
8063,False,train,ATRO,Dec 2019,616.6,33.0,12.8,45.8,156.1,188.0,866.4,52.0,428.6,772.7,782.7,343.1,120.6,145.8,393.9,143.4,148.0
8063,False,train,ATRO,Dec 2020,405.7,31.9,-13.7,18.2,96.8,173.0,408.7,-115.8,312.8,502.6,619.7,316.9,93.7,157.1,349.4,110.5,93.1
911115,True,train,AHNCQ,Jun 1998,408.0,13.0,25.0,38.0,68.0,21.0,44.0,10.0,65.0,476.0,376.0,177.0,91.0,69.0,228.0,42.0,83.0
911115,True,train,AHNCQ,Jun 1999,408.0,13.0,25.0,38.0,68.0,21.0,44.0,10.0,65.0,476.0,376.0,177.0,91.0,69.0,228.0,42.0,83.0
911115,True,train,AHNCQ,Jun 2000,415.0,14.0,1.0,15.0,54.0,21.0,44.0,2.0,67.0,468.0,377.0,190.0,178.0,62.0,235.0,52.0,95.0
911115,True,train,AHNCQ,Jun 2001,400.0,14.0,-23.0,-23.0,28.0,21.0,22.0,-37.0,6.0,428.0,306.0,155.0,208.0,59.0,229.0,51.0,83.0
911115,True,train,AHNCQ,Jun 2002,365.0,12.0,-24.0,-12.0,23.0,21.0,2.0,-28.0,-22.0,388.0,269.0,135.0,187.0,51.0,222.0,47.0,68.0
8670,False,train,ADP,Jun 2017,7245.0,316.0,2697.0,3013.0,4730.0,2002.0,45595.0,1788.0,14728.0,11975.0,37180.0,32659.0,29816.0,0.0,33203.0,2774.0,1704.0
8670,False,train,ADP,Jun 2018,7757.0,378.0,2385.0,2763.0,5050.0,2002.0,58861.0,1885.0,16547.0,12808.0,38849.0,31823.0,30413.0,0.0,34113.0,2959.0,1984.0
8670,False,train,ADP,Jun 2019,8022.0,409.0,3136.0,3545.0,5527.0,2002.0,71786.0,2293.0,17501.0,13548.0,41888.0,34342.0,32628.0,0.0,36488.0,3064.0,2439.0
8670,False,train,ADP,Jun 2020,8445.0,480.0,3290.0,3770.0,5600.0,1003.0,64008.0,2467.0,18436.0,14045.0,39166.0,31564.0,30127.0,0.0,33413.0,3003.0,2441.0
8670,False,train,ADP,Jun 2021,8640.0,511.0,3421.0,3932.0,5943.0,2985.0,84155.0,2599.0,19451.0,14583.0,48773.0,40742.0,38095.0,0.0,43102.0,3041.0,2727.0
904020,True,train,FLYIQ,Dec 2000,0.0,14.0,62.0,77.0,583.0,58.0,0.0,34.0,120.0,583.0,452.0,227.0,88.0,11.0,231.0,539.0,9.0
904020,True,train,FLYIQ,Dec 2001,0.0,14.0,62.0,77.0,583.0,58.0,0.0,34.0,120.0,583.0,452.0,227.0,88.0,11.0,231.0,539.0,9.0
904020,True,train,FLYIQ,Dec 2002,0.0,18.0,69.0,90.0,761.0,54.0,0.0,39.0,159.0,761.0,575.0,326.0,128.0,14.0,300.0,698.0,14.0
904020,True,train,FLYIQ,Dec 2003,0.0,21.0,142.0,170.0,876.0,134.0,0.0,83.0,242.0,876.0,783.0,398.0,128.0,18.0,424.0,739.0,9.0
904020,True,train,FLYIQ,Dec 2004,0.0,11.0,-260.0,-228.0,500.0,230.0,0.0,-192.0,49.0,500.0,678.0,334.0,146.0,16.0,511.0,765.0,54.0
5133,False,train,AM,Feb 2009,713.0,45.0,139.0,184.0,923.0,329.0,766.0,82.0,1112.0,1636.0,1530.0,677.0,372.0,164.0,894.0,784.0,136.0
5133,False,train,AM,Feb 2010,713.0,45.0,139.0,184.0,923.0,329.0,766.0,82.0,1112.0,1636.0,1530.0,677.0,372.0,164.0,894.0,784.0,136.0
5133,False,train,AM,Feb 2011,682.0,41.0,175.0,216.0,910.0,233.0,893.0,87.0,1171.0,1593.0,1532.0,701.0,343.0,180.0,783.0,735.0,120.0
5133,False,train,AM,Feb 2012,742.0,39.0,150.0,189.0,953.0,225.0,604.0,57.0,1210.0,1695.0,1549.0,641.0,305.0,209.0,822.0,804.0,114.0
5133,False,train,AM,Feb 2013,818.0,49.0,94.0,144.0,1051.0,286.0,551.0,50.0,1238.0,1869.0,1583.0,662.0,369.0,242.0,902.0,957.0,105.0
878731,True,train,FNLYQ,Jan 2005,499.0,22.0,-26.0,-5.0,491.0,200.0,0.0,-56.0,52.0,990.0,521.0,446.0,194.0,332.0,405.0,517.0,82.0
878731,True,train,FNLYQ,Jan 2006,499.0,22.0,-26.0,-5.0,491.0,200.0,0.0,-56.0,52.0,990.0,521.0,446.0,194.0,332.0,405.0,517.0,82.0
878731,True,train,FNLYQ,Jan 2007,403.0,21.0,12.0,34.0,359.0,200.0,0.0,4.0,57.0,762.0,537.0,466.0,206.0,430.0,415.0,346.0,29.0
878731,True,train,FNLYQ,Jan 2008,456.0,19.0,14.0,33.0,380.0,200.0,0.0,-10.0,46.0,836.0,737.0,639.0,417.0,611.0,624.0,366.0,15.0
878731,True,train,FNLYQ,Jan 2009,460.0,22.0,-107.0,-85.0,294.0,233.0,0.0,-107.0,-62.0,754.0,568.0,489.0,323.0,443.0,561.0,401.0,39.0
8858,False,train,AVT,Jun 2017,15071.0,155.0,410.0,565.0,2369.0,1729.0,4785.0,525.0,3799.0,17440.0,9700.0,7534.0,2454.0,2825.0,4518.0,1788.0,3338.0
8858,False,train,AVT,Jun 2018,16510.0,235.0,238.0,473.0,2527.0,1489.0,4968.0,-156.0,3236.0,19037.0,9597.0,7611.0,2969.0,3142.0,4912.0,1991.0,3641.0
8858,False,train,AVT,Jun 2019,17032.0,181.0,371.0,552.0,2486.0,1420.0,4710.0,176.0,2767.0,19519.0,8565.0,6876.0,2579.0,3008.0,4424.0,1875.0,3168.0
8858,False,train,AVT,Jun 2020,15571.0,243.0,-7.0,236.0,2063.0,1425.0,2755.0,-31.0,2422.0,17634.0,8105.0,6329.0,2280.0,2732.0,4379.0,1842.0,2928.0
8858,False,train,AVT,Jun 2021,17294.0,189.0,262.0,451.0,2241.0,1191.0,3992.0,193.0,2516.0,19535.0,8925.0,7163.0,3055.0,3237.0,4841.0,1875.0,3576.0
14707,False,val,CAL,Jan 2017,1517.0,56.0,111.0,167.0,1062.0,197.0,1321.0,66.0,522.0,2579.0,1475.0,844.0,528.0,586.0,861.0,943.0,163.0
14707,False,val,CAL,Jan 2018,1617.0,64.0,140.0,204.0,1169.0,197.0,1275.0,87.0,596.0,2786.0,1489.0,847.0,430.0,569.0,770.0,1036.0,153.0
14707,False,val,CAL,Jan 2019,1679.0,63.0,13.0,75.0,1156.0,198.0,1250.0,-5.0,519.0,2835.0,1839.0,976.0,853.0,683.0,1203.0,1042.0,197.0
14707,False,val,CAL,Jan 2020,1330.0,61.0,-469.0,-408.0,787.0,198.0,709.0,-439.0,524.0,2117.0,2432.0,882.0,851.0,618.0,1783.0,889.0,168.0
14707,False,val,CAL,Jan 2021,1330.0,61.0,-469.0,-408.0,787.0,199.0,574.0,-439.0,49.0,2117.0,1867.0,783.0,906.0,488.0,1663.0,889.0,161.0
9389,False,train,BALL,Dec 2016,7296.0,453.0,463.0,916.0,1765.0,7310.0,13129.0,263.0,4739.0,9061.0,16173.0,3653.0,2969.0,1413.0,12632.0,965.0,1491.0
9389,False,train,BALL,Dec 2017,8717.0,729.0,802.0,1531.0,2266.0,6518.0,13243.0,374.0,4987.0,10983.0,17169.0,3758.0,4107.0,1526.0,13123.0,1243.0,1634.0
9389,False,train,BALL,Dec 2018,9329.0,702.0,935.0,1637.0,2306.0,6510.0,15415.0,454.0,5341.0,11635.0,16554.0,3940.0,4095.0,1271.0,12992.0,1180.0,1802.0
9389,False,train,BALL,Dec 2019,9203.0,678.0,932.0,1610.0,2271.0,6337.0,20994.0,566.0,5803.0,11474.0,17360.0,4884.0,5577.0,1274.0,14341.0,1095.0,1631.0
9389,False,train,BALL,Dec 2020,9323.0,668.0,1003.0,1671.0,2458.0,7783.0,30524.0,585.0,6192.0,11781.0,18252.0,4675.0,4444.0,1353.0,14915.0,1193.0,1738.0
4904,False,train,AEP,Dec 2016,6972.0,2091.0,1353.0,3444.0,9408.0,17378.0,30958.0,611.0,7892.0,16380.0,63468.0,6034.0,9498.0,967.0,46048.0,5976.0,1917.0
4904,False,train,AEP,Dec 2017,6457.0,2126.0,3711.0,5838.0,8968.0,19420.0,36197.0,1913.0,8627.0,15425.0,64729.0,4253.0,8271.0,953.0,46416.0,5582.0,1891.0
4904,False,train,AEP,Dec 2018,7034.0,2400.0,2958.0,5358.0,9162.0,21648.0,36865.0,1924.0,9325.0,16196.0,68803.0,4114.0,8649.0,921.0,49743.0,6409.0,1927.0
4904,False,train,AEP,Dec 2019,6320.0,2740.0,2907.0,5647.0,9241.0,25127.0,46704.0,1921.0,9901.0,15561.0,75892.0,4078.0,10299.0,1169.0,55979.0,6493.0,1791.0
4904,False,train,AEP,Dec 2020,5380.0,2907.0,3312.0,6219.0,9538.0,28986.0,41352.0,2200.0,10688.0,14919.0,80757.0,4352.0,9927.0,1310.0,59983.0,6551.0,2028.0
1479920,True,test,TBSIQ,Dec 2006,178.0,36.0,102.0,138.0,177.0,157.0,0.0,98.0,234.0,356.0,559.0,80.0,79.0,11.0,240.0,76.0,30.0
1479920,True,test,TBSIQ,Dec 2007,178.0,36.0,102.0,138.0,177.0,157.0,0.0,98.0,234.0,356.0,559.0,80.0,79.0,11.0,240.0,76.0,30.0
1479920,True,test,TBSIQ,Dec 2008,289.0,73.0,209.0,283.0,323.0,326.0,0.0,192.0,425.0,612.0,1042.0,206.0,102.0,12.0,443.0,113.0,46.0
1479920,True,test,TBSIQ,Dec 2009,219.0,96.0,-50.0,46.0,83.0,326.0,0.0,-67.0,358.0,303.0,954.0,120.0,406.0,15.0,416.0,133.0,35.0
1479920,True,test,TBSIQ,Dec 2010,272.0,104.0,-220.0,-116.0,140.0,326.0,0.0,-245.0,113.0,412.0,686.0,81.0,381.0,18.0,390.0,360.0,29.0
7431,False,train,AWI,Dec 2016,530.0,89.0,200.0,289.0,307.0,849.0,2275.0,105.0,470.0,837.0,1758.0,406.0,224.0,47.0,1492.0,184.0,81.0
7431,False,train,AWI,Dec 2017,578.0,89.0,258.0,347.0,315.0,818.0,3195.0,120.0,633.0,894.0,1874.0,649.0,270.0,54.0,1454.0,139.0,122.0
7431,False,train,AWI,Dec 2018,642.0,79.0,282.0,361.0,334.0,765.0,2841.0,186.0,830.0,975.0,1838.0,718.0,550.0,61.0,1612.0,159.0,82.0
7431,False,train,AWI,Dec 2019,643.0,72.0,338.0,410.0,395.0,605.0,4510.0,215.0,1008.0,1038.0,1493.0,244.0,155.0,69.0,1128.0,174.0,115.0
7431,False,train,AWI,Dec 2020,604.0,84.0,-103.0,-19.0,333.0,691.0,3564.0,-99.0,870.0,937.0,1719.0,312.0,172.0,82.0,1268.0,163.0,81.0
16918,False,test,STZ,Feb 2017,3802.0,238.0,2416.0,2654.0,3519.0,7721.0,30904.0,1529.0,7310.0,7321.0,18602.0,3230.0,2698.0,1955.0,11718.0,1392.0,916.0
16918,False,test,STZ,Feb 2018,3768.0,294.0,2670.0,2964.0,3813.0,9418.0,41222.0,2303.0,9157.0,7580.0,20539.0,3474.0,2040.0,2084.0,12547.0,1533.0,1107.0
16918,False,test,STZ,Feb 2019,4036.0,333.0,4512.0,4845.0,4080.0,11760.0,32162.0,3436.0,14276.0,8116.0,29232.0,3684.0,3164.0,2130.0,16394.0,1668.0,1268.0
16918,False,test,STZ,Feb 2020,4192.0,327.0,-516.0,-190.0,4152.0,11211.0,32947.0,-12.0,13695.0,8344.0,27323.0,3484.0,2312.0,1374.0,14849.0,1622.0,1215.0
16918,False,test,STZ,Feb 2021,4149.0,294.0,2929.0,3222.0,4466.0,10413.0,41414.0,1998.0,15118.0,8615.0,27105.0,3045.0,1269.0,1291.0,13176.0,1675.0,1089.0
3941,True,train,ADPC,Dec 1995,204.0,0.0,0.0,0.0,71.0,1.0,0.0,19.0,22.0,274.0,172.0,125.0,75.0,57.0,78.0,71.0,53.0
3941,True,train,ADPC,Dec 1996,204.0,0.0,0.0,0.0,71.0,1.0,0.0,19.0,22.0,274.0,172.0,125.0,75.0,57.0,78.0,71.0,53.0
3941,True,train,ADPC,Dec 1997,120.0,0.0,0.0,0.0,31.0,1.0,0.0,16.0,40.0,151.0,195.0,142.0,96.0,73.0,107.0,31.0,55.0
3941,True,train,ADPC,Dec 1998,144.0,0.0,0.0,0.0,-7.0,2.0,0.0,-14.0,16.0,137.0,276.0,182.0,197.0,97.0,204.0,-7.0,69.0
3941,True,train,ADPC,Dec 1999,142.0,0.0,0.0,0.0,1.0,0.0,0.0,-27.0,-13.0,144.0,257.0,161.0,205.0,47.0,214.0,1.0,20.0
1038217,True,train,TARRQ,Dec 2003,175.0,26.0,66.0,92.0,136.0,770.0,0.0,45.0,-159.0,311.0,1048.0,409.0,143.0,287.0,853.0,90.0,100.0
1038217,True,train,TARRQ,Dec 2004,175.0,26.0,66.0,92.0,136.0,770.0,0.0,45.0,-159.0,311.0,1048.0,409.0,143.0,287.0,853.0,90.0,100.0
1038217,True,train,TARRQ,Dec 2005,395.0,28.0,193.0,221.0,177.0,906.0,0.0,146.0,-14.0,572.0,1496.0,1143.0,143.0,1055.0,1116.0,73.0,50.0
1038217,True,train,TARRQ,Dec 2006,397.0,20.0,47.0,67.0,148.0,1393.0,0.0,11.0,-80.0,545.0,2023.0,1123.0,143.0,1031.0,1699.0,112.0,69.0
1038217,True,train,TARRQ,Dec 2007,481.0,21.0,-362.0,-341.0,-33.0,898.0,0.0,-388.0,-472.0,449.0,1134.0,654.0,109.0,605.0,1208.0,342.0,5.0
10795,False,train,BDX,Sep 2017,6128.0,1088.0,1497.0,2585.0,5965.0,18667.0,43546.0,1100.0,13111.0,12093.0,37734.0,18633.0,3342.0,1818.0,24786.0,4089.0,1744.0
10795,False,train,BDX,Sep 2018,8714.0,1978.0,1879.0,3857.0,7269.0,18894.0,68252.0,311.0,12596.0,15983.0,53904.0,7411.0,7216.0,2451.0,32910.0,5020.0,2319.0
10795,False,train,BDX,Sep 2019,9002.0,2253.0,1815.0,4068.0,8288.0,18081.0,66693.0,1233.0,12913.0,17290.0,51765.0,6664.0,5655.0,2579.0,30683.0,6048.0,2345.0
10795,False,train,BDX,Sep 2020,9276.0,2115.0,942.0,3057.0,6798.0,17224.0,65790.0,874.0,12791.0,16074.0,54012.0,8969.0,5836.0,2743.0,30247.0,5587.0,2398.0
10795,False,train,BDX,Sep 2021,10500.0,2230.0,2161.0,4391.0,8631.0,17110.0,68177.0,2092.0,13826.0,19131.0,53880.0,8838.0,6626.0,2743.0,30203.0,6201.0,2350.0
6845,False,train,APOG,Feb 2017,823.0,36.0,124.0,159.0,292.0,65.0,1640.0,86.0,342.0,1115.0,785.0,297.0,186.0,68.0,314.0,170.0,193.0
6845,False,train,APOG,Feb 2018,993.0,55.0,114.0,169.0,334.0,216.0,1215.0,79.0,373.0,1326.0,1022.0,336.0,208.0,81.0,511.0,219.0,212.0
6845,False,train,APOG,Feb 2019,1109.0,50.0,67.0,117.0,294.0,246.0,964.0,46.0,368.0,1403.0,1068.0,372.0,228.0,78.0,572.0,223.0,193.0
6845,False,train,APOG,Feb 2020,1068.0,47.0,89.0,135.0,319.0,213.0,798.0,62.0,388.0,1387.0,1129.0,382.0,277.0,71.0,612.0,231.0,197.0
6845,False,train,APOG,Feb 2021,955.0,51.0,27.0,78.0,276.0,163.0,962.0,15.0,357.0,1231.0,1015.0,351.0,218.0,73.0,522.0,180.0,176.0
1735828,True,test,LGCYO.PFD,Dec 2014,372.0,174.0,-217.0,-44.0,160.0,939.0,0.0,-284.0,377.0,532.0,1899.0,192.0,98.0,0.0,1261.0,71.0,66.0
1735828,True,test,LGCYO.PFD,Dec 2015,372.0,177.0,-626.0,-449.0,-33.0,1428.0,0.0,-702.0,-440.0,339.0,1613.0,129.0,81.0,0.0,1793.0,63.0,59.0
1735828,True,test,LGCYO.PFD,Dec 2016,330.0,150.0,24.0,175.0,-15.0,1161.0,0.0,-56.0,-482.0,314.0,1300.0,83.0,87.0,0.0,1522.0,58.0,67.0
1735828,True,test,LGCYO.PFD,Dec 2017,310.0,127.0,37.0,164.0,126.0,1347.0,0.0,-54.0,-532.0,436.0,1493.0,113.0,145.0,0.0,1765.0,69.0,90.0
1735828,True,test,LGCYO.PFD,Dec 2018,360.0,160.0,164.0,324.0,195.0,433.0,0.0,44.0,-218.0,555.0,1475.0,151.0,985.0,0.0,1668.0,103.0,72.0
104599,True,train,CCTYQ,Feb 2004,7904.0,154.0,98.0,252.0,2569.0,12.0,0.0,62.0,1247.0,10472.0,3789.0,2686.0,1264.0,1460.0,1702.0,2476.0,173.0
104599,True,train,CCTYQ,Feb 2005,7904.0,154.0,98.0,252.0,2569.0,12.0,0.0,62.0,1247.0,10472.0,3789.0,2686.0,1264.0,1460.0,1702.0,2476.0,173.0
104599,True,train,CCTYQ,Feb 2006,8767.0,164.0,242.0,406.0,2831.0,52.0,0.0,162.0,1365.0,11598.0,4069.0,2833.0,1622.0,1698.0,2114.0,2611.0,221.0
104599,True,train,CCTYQ,Feb 2007,9501.0,181.0,22.0,203.0,2928.0,50.0,0.0,-8.0,1336.0,12430.0,4007.0,2884.0,1714.0,1637.0,2216.0,2934.0,425.0
104599,True,train,CCTYQ,Feb 2008,9318.0,188.0,-352.0,-165.0,2426.0,57.0,0.0,-320.0,981.0,11744.0,3746.0,2440.0,1606.0,1574.0,2243.0,2796.0,489.0
919943,True,train,MCLD,Dec 2000,1057.0,618.0,-3347.0,-2729.0,754.0,28.0,0.0,-3600.0,-3822.0,1811.0,4755.0,525.0,4511.0,14.0,4728.0,4225.0,273.0
919943,True,train,MCLD,Dec 2001,1057.0,618.0,-3347.0,-2729.0,754.0,28.0,0.0,-3600.0,-3822.0,1811.0,4755.0,525.0,4511.0,14.0,4728.0,4225.0,273.0
919943,True,train,MCLD,Dec 2002,622.0,344.0,-1913.0,-1569.0,371.0,705.0,0.0,582.0,-201.0,992.0,2000.0,301.0,279.0,14.0,1225.0,2283.0,93.0
919943,True,train,MCLD,Dec 2003,499.0,341.0,-282.0,58.0,370.0,717.0,0.0,-296.0,-497.0,869.0,1631.0,147.0,187.0,14.0,1109.0,653.0,66.0
919943,True,train,MCLD,Dec 2004,394.0,357.0,-566.0,-209.0,322.0,728.0,0.0,-624.0,-1122.0,716.0,1026.0,129.0,191.0,14.0,1073.0,888.0,59.0
17843,False,test,CRS,Jun 2017,1497.0,118.0,100.0,218.0,301.0,550.0,1750.0,47.0,1322.0,1798.0,2878.0,1094.0,396.0,690.0,1680.0,176.0,290.0
17843,False,test,CRS,Jun 2018,1775.0,117.0,189.0,305.0,382.0,546.0,2481.0,189.0,1476.0,2158.0,3007.0,1179.0,363.0,689.0,1521.0,193.0,379.0
17843,False,test,CRS,Jun 2019,1935.0,122.0,242.0,364.0,445.0,551.0,2278.0,167.0,1605.0,2380.0,3188.0,1236.0,416.0,788.0,1668.0,203.0,384.0
17843,False,test,CRS,Jun 2020,1852.0,124.0,26.0,150.0,329.0,552.0,1162.0,2.0,1568.0,2181.0,3227.0,1266.0,452.0,724.0,1782.0,201.0,292.0
17843,False,test,CRS,Jun 2021,1475.0,124.0,-264.0,-141.0,1.0,695.0,1932.0,-230.0,1299.0,1476.0,2971.0,1117.0,306.0,426.0,1579.0,180.0,309.0
8947,False,train,AZZ,Feb 2017,658.0,50.0,100.0,150.0,205.0,255.0,1523.0,61.0,499.0,864.0,978.0,297.0,137.0,94.0,445.0,106.0,189.0
8947,False,train,AZZ,Feb 2018,650.0,51.0,45.0,95.0,160.0,287.0,1060.0,45.0,526.0,810.0,1028.0,329.0,132.0,111.0,463.0,112.0,193.0
8947,False,train,AZZ,Feb 2019,728.0,50.0,78.0,189.0,199.0,241.0,1202.0,51.0,548.0,927.0,1089.0,379.0,165.0,125.0,485.0,122.0,220.0
8947,False,train,AZZ,Feb 2020,825.0,50.0,78.0,129.0,237.0,78.0,965.0,48.0,572.0,1062.0,1074.0,355.0,281.0,100.0,439.0,139.0,209.0
8947,False,train,AZZ,Feb 2021,358.0,32.0,48.0,80.0,123.0,178.0,1283.0,40.0,547.0,481.0,999.0,305.0,117.0,94.0,376.0,59.0,190.0
3906,False,train,ALD,Dec 2005,0.0,2.0,305.0,307.0,408.0,1899.0,0.0,245.0,502.0,408.0,4888.0,66.0,1839.0,0.0,2046.0,408.0,65.0
3906,False,train,ALD,Dec 2006,0.0,2.0,305.0,307.0,408.0,1899.0,0.0,245.0,502.0,408.0,4888.0,66.0,1839.0,0.0,2046.0,408.0,65.0
3906,False,train,ALD,Dec 2007,0.0,2.0,287.0,289.0,342.0,2289.0,0.0,153.0,536.0,342.0,5215.0,75.0,2075.0,0.0,2443.0,342.0,71.0
3906,False,train,ALD,Dec 2008,0.0,1.0,365.0,366.0,502.0,2289.0,0.0,-1040.0,185.0,502.0,3722.0,229.0,2004.0,0.0,2004.0,287.0,56.0
3906,False,train,ALD,Dec 2009,0.0,2.0,232.0,234.0,319.0,2289.0,0.0,-521.0,-159.0,319.0,2665.0,2665.0,1467.0,0.0,1467.0,258.0,44.0
1093273,True,train,MECAQ,Dec 2003,652.0,39.0,-73.0,-35.0,80.0,484.0,0.0,-96.0,-204.0,732.0,1403.0,149.0,196.0,6.0,825.0,127.0,49.0
1093273,True,train,MECAQ,Dec 2004,652.0,39.0,-73.0,-35.0,80.0,484.0,0.0,-96.0,-204.0,732.0,1403.0,149.0,196.0,6.0,825.0,127.0,49.0
1093273,True,train,MECAQ,Dec 2005,579.0,42.0,-69.0,-27.0,46.0,517.0,0.0,-105.0,-309.0,625.0,1414.0,225.0,324.0,6.0,955.0,116.0,52.0
1093273,True,train,MECAQ,Dec 2006,606.0,51.0,-29.0,22.0,96.0,493.0,0.0,-87.0,-396.0,702.0,1247.0,151.0,245.0,6.0,846.0,165.0,43.0
1093273,True,train,MECAQ,Dec 2007,566.0,44.0,-58.0,-14.0,59.0,379.0,0.0,-114.0,-510.0,626.0,1243.0,226.0,389.0,6.0,880.0,115.0,35.0
3545,False,train,ALCO,Sep 2017,120.9,15.23,-4.05,11.17,8.93,180.16,281.36,-9.45,140.03,129.83,419.18,66.49,15.98,36.2,253.81,15.02,4.29
3545,False,train,ALCO,Sep 2018,55.69,13.76,21.71,35.47,25.59,170.2,277.16,13.05,151.11,81.28,423.42,71.06,21.48,41.03,245.83,15.06,2.54
3545,False,train,ALCO,Sep 2019,61.89,13.6,57.41,71.02,60.36,156.74,254.35,37.83,198.05,122.25,417.39,61.98,28.95,40.14,217.99,15.15,0.71
3545,False,train,ALCO,Sep 2020,74.59,14.28,37.36,51.64,17.92,140.9,214.44,23.66,219.02,92.51,423.94,51.9,21.16,40.85,202.16,11.0,5.13
3545,False,train,ALCO,Sep 2021,84.67,15.12,50.37,65.5,23.89,121.02,257.69,34.86,246.16,108.56,433.22,54.91,22.31,43.38,183.1,9.45,9.34
770944,True,train,BFTH,Dec 2002,839.0,81.0,932.0,1013.0,93.0,705.0,0.0,-646.0,-2114.0,932.0,551.0,60.0,25.0,0.0,1994.0,-839.0,0.0
770944,True,train,BFTH,Dec 2003,839.0,81.0,932.0,1013.0,93.0,705.0,0.0,-646.0,-2114.0,932.0,551.0,60.0,25.0,0.0,1994.0,-839.0,0.0
770944,True,train,BFTH,Dec 2004,723.0,69.0,38.0,107.0,251.0,737.0,0.0,-30.0,-2114.0,974.0,502.0,60.0,22.0,0.0,1975.0,213.0,0.0
770944,True,train,BFTH,Dec 2005,716.0,67.0,80.0,147.0,288.0,756.0,0.0,-10.0,-2114.0,1004.0,495.0,60.0,480.0,0.0,1959.0,208.0,0.0
770944,True,train,BFTH,Dec 2006,702.0,75.0,114.0,190.0,357.0,247.0,0.0,43.0,-2072.0,1059.0,397.0,76.0,960.0,0.0,1797.0,243.0,0.0
5187,False,train,WYE,Dec 2004,5431.0,787.0,4855.0,5642.0,13325.0,9231.0,0.0,3656.0,6514.0,18756.0,35841.0,18045.0,9948.0,2334.0,23847.0,8867.0,3031.0
5187,False,train,WYE,Dec 2005,5431.0,787.0,4855.0,5642.0,13325.0,9231.0,0.0,3656.0,6514.0,18756.0,35841.0,18045.0,9948.0,2334.0,23847.0,8867.0,3031.0
5187,False,train,WYE,Dec 2006,5588.0,803.0,5929.0,6732.0,14763.0,9097.0,0.0,4197.0,8735.0,20351.0,36479.0,17514.0,7222.0,2480.0,21826.0,9611.0,3383.0
5187,False,train,WYE,Dec 2007,6314.0,919.0,7074.0,7992.0,16086.0,11493.0,0.0,4616.0,10418.0,22400.0,42717.0,22984.0,7324.0,3035.0,24507.0,10010.0,3528.0
5187,False,train,WYE,Dec 2008,6248.0,1008.0,6363.0,7371.0,16586.0,10826.0,0.0,4418.0,12869.0,22834.0,44032.0,23481.0,6850.0,2996.0,24858.0,10212.0,3646.0
1091953,True,train,CWONQ,Dec 1999,54.0,0.0,-198.0,-198.0,14.0,449.0,0.0,-217.0,-254.0,68.0,924.0,239.0,53.0,0.0,502.0,14.0,21.0
1091953,True,train,CWONQ,Dec 2000,54.0,0.0,-198.0,-198.0,14.0,449.0,0.0,-217.0,-254.0,68.0,924.0,239.0,53.0,0.0,502.0,14.0,21.0
1091953,True,train,CWONQ,Dec 2001,121.0,0.0,-198.0,-198.0,61.0,473.0,0.0,-249.0,-503.0,182.0,767.0,57.0,63.0,0.0,763.0,258.0,40.0
1091953,True,train,CWONQ,Dec 2002,164.0,0.0,-418.0,-418.0,127.0,596.0,0.0,-479.0,-983.0,291.0,464.0,75.0,74.0,0.0,968.0,545.0,43.0
1091953,True,train,CWONQ,Dec 2003,158.0,0.0,-29.0,-29.0,165.0,620.0,0.0,-123.0,-1106.0,323.0,383.0,50.0,64.0,0.0,1028.0,194.0,31.0
918577,True,train,RGIDQ,Dec 1998,1137.0,63.0,-77.0,-8.0,-170.0,100.0,0.0,-48.0,282.0,968.0,868.0,481.0,282.0,270.0,458.0,85.0,181.0
918577,True,train,RGIDQ,Dec 1999,1137.0,63.0,-77.0,-8.0,-170.0,100.0,0.0,-48.0,282.0,968.0,868.0,481.0,282.0,270.0,458.0,85.0,181.0
918577,True,train,RGIDQ,Dec 2000,1183.0,57.0,-77.0,-20.0,-83.0,67.0,0.0,-117.0,162.0,1100.0,741.0,414.0,296.0,269.0,448.0,83.0,131.0
918577,True,train,RGIDQ,Dec 2001,1068.0,26.0,-111.0,-85.0,-144.0,85.0,0.0,-112.0,50.0,924.0,673.0,318.0,361.0,233.0,503.0,47.0,71.0
918577,True,train,RGIDQ,Dec 2002,1162.0,25.0,-52.0,-27.0,-35.0,85.0,0.0,-52.0,-2.0,1127.0,652.0,323.0,300.0,221.0,573.0,42.0,83.0
9263,False,train,BKR,Dec 2008,357.0,6.0,31.0,36.0,88.0,0.0,369.0,27.0,119.0,445.0,279.0,251.0,97.0,0.0,105.0,57.0,136.0
9263,False,train,BKR,Dec 2009,357.0,6.0,31.0,36.0,88.0,0.0,369.0,27.0,119.0,445.0,279.0,251.0,97.0,0.0,105.0,57.0,136.0
9263,False,train,BKR,Dec 2010,400.0,10.0,22.0,32.0,99.0,0.0,287.0,12.0,131.0,499.0,321.0,230.0,106.0,0.0,124.0,77.0,133.0
9263,False,train,BKR,Dec 2011,436.0,14.0,24.0,38.0,102.0,0.0,188.0,17.0,149.0,538.0,380.0,246.0,133.0,0.0,159.0,78.0,182.0
9263,False,train,BKR,Dec 2012,501.0,17.0,4.0,21.0,92.0,0.0,241.0,3.0,150.0,593.0,373.0,253.0,126.0,0.0,148.0,88.0,164.0
725151,True,train,MRIIQ,Dec 1995,59.0,0.0,14.0,14.0,35.0,28.0,0.0,7.0,3.0,94.0,165.0,71.0,28.0,0.0,58.0,35.0,42.0
725151,True,train,MRIIQ,Dec 1996,59.0,0.0,14.0,14.0,35.0,28.0,0.0,7.0,3.0,94.0,165.0,71.0,28.0,0.0,58.0,35.0,42.0
725151,True,train,MRIIQ,Dec 1997,136.0,0.0,-20.0,-20.0,66.0,38.0,0.0,-31.0,-30.0,202.0,339.0,111.0,169.0,0.0,203.0,66.0,71.0
725151,True,train,MRIIQ,Dec 1998,115.0,0.0,-5.0,-5.0,64.0,108.0,0.0,-19.0,-50.0,179.0,286.0,91.0,60.0,0.0,164.0,64.0,63.0
725151,True,train,MRIIQ,Dec 1999,107.0,0.0,-41.0,-41.0,51.0,8.0,0.0,-52.0,-101.0,158.0,220.0,72.0,148.0,0.0,152.0,51.0,59.0
884318,True,train,MCOMQ,Dec 1996,27.0,0.0,0.0,0.0,-13.0,45.0,122.0,-59.0,-149.0,13.0,51.0,21.0,14.0,3.0,55.0,-13.0,2.0
884318,True,train,MCOMQ,Dec 1997,27.0,0.0,0.0,0.0,-13.0,45.0,122.0,-59.0,-149.0,13.0,51.0,21.0,14.0,3.0,55.0,-13.0,2.0
884318,True,train,MCOMQ,Dec 1998,24.0,0.0,0.0,0.0,-8.0,55.0,107.0,-84.0,-233.0,16.0,35.0,25.0,16.0,3.0,66.0,-8.0,2.0
884318,True,train,MCOMQ,Dec 1999,23.0,0.0,0.0,0.0,-4.0,0.0,1656.0,-66.0,-338.0,19.0,547.0,505.0,27.0,1.0,28.0,-4.0,2.0
884318,True,train,MCOMQ,Dec 2000,121.0,0.0,0.0,0.0,-109.0,242.0,312.0,-188.0,-583.0,12.0,1254.0,554.0,129.0,32.0,374.0,-109.0,2.0
18230,False,test,CAT,Dec 2016,28640.0,3034.0,644.0,3678.0,9897.0,22750.0,54391.0,-67.0,27377.0,38537.0,74704.0,31967.0,26132.0,8614.0,61491.0,8140.0,14503.0
18230,False,test,CAT,Dec 2017,31906.0,2877.0,4613.0,7490.0,13556.0,23410.0,94174.0,754.0,26301.0,45462.0,76962.0,36244.0,26931.0,10018.0,63196.0,9096.0,16193.0
18230,False,test,CAT,Dec 2018,37719.0,2766.0,8226.0,10992.0,17003.0,24503.0,73134.0,6147.0,30427.0,54722.0,78509.0,38603.0,28218.0,11529.0,64429.0,8710.0,17452.0
18230,False,test,CAT,Dec 2019,37384.0,2577.0,8233.0,10810.0,16416.0,26153.0,81236.0,6093.0,34437.0,53800.0,78453.0,39193.0,26621.0,11266.0,63824.0,8126.0,17904.0
18230,False,test,CAT,Dec 2020,29671.0,2432.0,4509.0,6941.0,12077.0,25896.0,99256.0,2998.0,35167.0,41748.0,78324.0,39464.0,25717.0,11402.0,62946.0,7524.0,16780.0
16058,False,test,CACI,Jun 2017,4057.0,72.0,297.0,369.0,297.0,1178.0,3059.0,164.0,1826.0,4355.0,3911.0,880.0,527.0,65.0,2117.0,674.0,757.0
16058,False,test,CACI,Jun 2018,4127.0,72.0,341.0,413.0,341.0,1015.0,4164.0,301.0,2127.0,4468.0,4034.0,931.0,539.0,65.0,1927.0,674.0,807.0
16058,False,test,CACI,Jun 2019,4608.0,86.0,378.0,464.0,378.0,1618.0,5090.0,266.0,2410.0,4986.0,5087.0,1032.0,692.0,65.0,2715.0,674.0,870.0
16058,False,test,CACI,Jun 2020,5262.0,111.0,458.0,568.0,458.0,1358.0,5442.0,321.0,2732.0,5720.0,5542.0,1086.0,769.0,65.0,2881.0,674.0,841.0
16058,False,test,CACI,Jun 2021,5505.0,125.0,539.0,665.0,539.0,1689.0,6009.0,457.0,3189.0,6044.0,6172.0,1331.0,885.0,80.0,3507.0,674.0,880.0
3197,False,train,CECO,Dec 2016,282.2,18.9,-25.3,-5.0,134.9,114.4,478.5,-38.2,-41.7,417.0,498.6,213.0,146.4,21.5,308.6,102.0,121.2
3197,False,train,CECO,Dec 2017,231.9,16.1,8.1,24.2,113.2,103.5,178.1,-3.0,-52.7,345.1,438.5,173.9,107.9,21.0,252.0,96.1,101.9
3197,False,train,CECO,Dec 2018,225.8,13.3,9.6,22.9,111.5,74.5,235.9,-7.1,-59.4,337.3,392.6,160.9,103.9,20.8,214.0,97.1,82.9
3197,False,train,CECO,Dec 2019,227.8,10.6,18.7,29.4,114.1,63.0,270.2,17.7,-46.3,341.9,408.6,179.5,115.2,20.6,215.6,94.5,103.2
3197,False,train,CECO,Dec 2020,210.9,9.9,15.4,25.3,105.1,69.5,247.1,8.2,-38.1,316.0,419.3,183.5,109.4,17.3,215.7,85.7,108.5
10329,False,train,BSET,Nov 2016,167.5,12.2,26.3,38.6,264.5,3.8,311.5,15.8,129.4,432.0,278.3,140.6,77.0,53.2,97.6,236.3,18.4
10329,False,train,BSET,Nov 2017,177.6,13.3,28.1,41.4,274.9,0.3,414.5,18.3,139.4,452.5,293.7,159.4,83.4,54.5,102.3,247.9,19.6
10329,False,train,BSET,Nov 2018,179.6,13.2,12.3,25.5,277.3,0.3,221.4,8.2,140.0,456.9,291.6,148.5,81.8,64.2,101.3,262.4,19.1
10329,False,train,BSET,Nov 2019,225.6,13.5,-1.7,11.8,226.5,0.3,154.0,-1.9,129.1,452.1,275.8,136.8,72.3,66.3,97.1,219.9,21.7
10329,False,train,BSET,Nov 2020,163.6,13.5,-18.0,-4.5,174.1,0.3,156.1,-10.4,109.7,337.7,402.5,160.7,118.4,54.9,244.5,176.4,32.0
7032,False,train,RMK,Sep 2008,11174.0,503.0,438.0,941.0,1124.0,5678.0,0.0,-7.0,49.0,12298.0,10299.0,1688.0,1735.0,464.0,8939.0,687.0,808.0
7032,False,train,RMK,Sep 2009,11174.0,503.0,438.0,941.0,1124.0,5678.0,0.0,-7.0,49.0,12298.0,10299.0,1688.0,1735.0,464.0,8939.0,687.0,808.0
7032,False,train,RMK,Sep 2010,11396.0,509.0,475.0,984.0,1175.0,5350.0,0.0,31.0,79.0,12572.0,10222.0,1758.0,1949.0,448.0,8825.0,700.0,943.0
7032,False,train,RMK,Sep 2011,11837.0,516.0,548.0,1065.0,1246.0,5589.0,0.0,100.0,46.0,13082.0,10510.0,2131.0,2051.0,451.0,9001.0,697.0,1252.0
7032,False,train,RMK,Sep 2012,12191.0,529.0,582.0,1111.0,1314.0,5376.0,0.0,138.0,161.0,13505.0,10476.0,2161.0,2143.0,508.0,8870.0,732.0,1316.0
918275,True,train,KELLQ,Dec 1996,46.0,0.0,0.0,0.0,33.0,65.0,0.0,9.0,12.0,79.0,134.0,53.0,19.0,36.0,85.0,33.0,13.0
918275,True,train,KELLQ,Dec 1997,46.0,0.0,0.0,0.0,33.0,65.0,0.0,9.0,12.0,79.0,134.0,53.0,19.0,36.0,85.0,33.0,13.0
918275,True,train,KELLQ,Dec 1998,99.0,0.0,0.0,0.0,81.0,238.0,0.0,20.0,31.0,180.0,434.0,273.0,42.0,150.0,284.0,81.0,31.0
918275,True,train,KELLQ,Dec 1999,199.0,0.0,0.0,0.0,132.0,324.0,0.0,21.0,52.0,331.0,541.0,361.0,38.0,195.0,370.0,132.0,61.0
918275,True,train,KELLQ,Dec 2000,291.0,0.0,0.0,0.0,63.0,175.0,0.0,-31.0,20.0,354.0,573.0,343.0,245.0,196.0,432.0,63.0,80.0
19731,True,train,CSKEQ,Dec 2003,857.0,61.0,46.0,107.0,175.0,365.0,0.0,11.0,525.0,1032.0,1555.0,337.0,317.0,114.0,843.0,119.0,149.0
19731,True,train,CSKEQ,Dec 2004,857.0,61.0,46.0,107.0,175.0,365.0,0.0,11.0,525.0,1032.0,1555.0,337.0,317.0,114.0,843.0,119.0,149.0
19731,True,train,CSKEQ,Dec 2005,866.0,59.0,-286.0,-227.0,177.0,410.0,0.0,-314.0,194.0,1042.0,1123.0,280.0,271.0,109.0,828.0,462.0,136.0
19731,True,train,CSKEQ,Dec 2006,820.0,57.0,0.0,56.0,175.0,456.0,0.0,-40.0,137.0,995.0,1115.0,287.0,255.0,109.0,881.0,175.0,149.0
19731,True,train,CSKEQ,Dec 2007,880.0,53.0,27.0,80.0,179.0,508.0,0.0,-15.0,119.0,1060.0,1214.0,331.0,237.0,121.0,933.0,153.0,170.0
3570,False,train,LNG,Dec 2016,972.0,174.0,-180.0,-6.0,311.0,21688.0,9860.0,-610.0,-4234.0,1283.0,23703.0,2238.0,1077.0,160.0,22864.0,267.0,218.0
3570,False,train,LNG,Dec 2017,3922.0,356.0,1306.0,1662.0,1679.0,25336.0,12792.0,-393.0,-4627.0,5601.0,27906.0,3369.0,1251.0,243.0,26666.0,266.0,371.0
3570,False,train,LNG,Dec 2018,5659.0,449.0,2093.0,2542.0,2328.0,28179.0,15212.0,471.0,-4156.0,7987.0,31987.0,4234.0,1742.0,316.0,30058.0,296.0,585.0
3570,False,train,LNG,Dec 2019,7027.0,794.0,2135.0,2929.0,2703.0,30774.0,15487.0,648.0,-3508.0,9730.0,35492.0,4212.0,1874.0,312.0,33057.0,319.0,491.0
3570,False,train,LNG,Dec 2020,6413.0,932.0,2061.0,2993.0,2945.0,30471.0,15144.0,-85.0,-3593.0,9358.0,35697.0,3169.0,2196.0,292.0,33479.0,308.0,647.0
1256536,True,test,AHMIQ,Dec 2002,0.0,52.0,123.0,174.0,432.0,100.0,569.0,74.0,121.0,432.0,3405.0,137.0,2751.0,0.0,3007.0,309.0,84.0
1256536,True,test,AHMIQ,Dec 2003,0.0,52.0,123.0,174.0,432.0,100.0,569.0,74.0,121.0,432.0,3405.0,137.0,2751.0,0.0,3007.0,309.0,84.0
1256536,True,test,AHMIQ,Dec 2004,0.0,56.0,121.0,177.0,437.0,2158.0,1377.0,146.0,100.0,437.0,11556.0,310.0,8417.0,0.0,10730.0,316.0,117.0
1256536,True,test,AHMIQ,Dec 2005,0.0,72.0,243.0,315.0,794.0,1377.0,1615.0,261.0,204.0,794.0,17755.0,905.0,13542.0,0.0,16548.0,551.0,329.0
1256536,True,test,AHMIQ,Dec 2006,0.0,18.0,348.0,366.0,1026.0,5272.0,1763.0,264.0,257.0,1026.0,18829.0,831.0,10166.0,0.0,17559.0,678.0,432.0
14930,False,val,BC,Dec 2016,3256.0,104.0,417.0,521.0,1232.0,434.0,4871.0,276.0,1881.0,4489.0,3285.0,1689.0,965.0,699.0,1845.0,737.0,412.0
14930,False,val,BC,Dec 2017,2854.0,87.0,239.0,326.0,949.0,432.0,4834.0,146.0,1967.0,3802.0,3358.0,1847.0,1035.0,828.0,1875.0,570.0,485.0
14930,False,val,BC,Dec 2018,3074.0,124.0,357.0,481.0,1047.0,1180.0,4030.0,265.0,2136.0,4121.0,4292.0,1880.0,1257.0,774.0,2709.0,637.0,352.0
14930,False,val,BC,Dec 2019,2987.0,139.0,187.0,325.0,1121.0,1068.0,4773.0,-131.0,1931.0,4108.0,3564.0,1526.0,944.0,825.0,2264.0,631.0,332.0
14930,False,val,BC,Dec 2020,3135.0,153.0,540.0,693.0,1213.0,908.0,5937.0,373.0,2226.0,4348.0,3771.0,1671.0,1079.0,712.0,2261.0,670.0,338.0
34339,True,train,FCPR,Oct 1999,229.0,10.0,33.0,43.0,87.0,146.0,0.0,9.0,45.0,316.0,279.0,97.0,54.0,50.0,204.0,54.0,40.0
34339,True,train,FCPR,Oct 2000,229.0,10.0,33.0,43.0,87.0,146.0,0.0,9.0,45.0,316.0,279.0,97.0,54.0,50.0,204.0,54.0,40.0
34339,True,train,FCPR,Oct 2001,243.0,12.0,2.0,14.0,71.0,136.0,0.0,-11.0,32.0,314.0,267.0,93.0,61.0,49.0,207.0,69.0,35.0
34339,True,train,FCPR,Oct 2002,212.0,9.0,19.0,28.0,65.0,135.0,0.0,1.0,32.0,278.0,274.0,101.0,62.0,57.0,213.0,46.0,33.0
34339,True,train,FCPR,Oct 2003,203.0,9.0,0.0,9.0,49.0,161.0,0.0,-23.0,9.0,252.0,267.0,101.0,54.0,63.0,228.0,49.0,32.0
923473,True,train,PHHMQ,Mar 2006,503.0,9.0,-2.0,7.0,158.0,269.0,0.0,-12.0,213.0,661.0,675.0,537.0,156.0,139.0,425.0,160.0,262.0
923473,True,train,PHHMQ,Mar 2007,503.0,9.0,-2.0,7.0,158.0,269.0,0.0,-12.0,213.0,661.0,675.0,537.0,156.0,139.0,425.0,160.0,262.0
923473,True,train,PHHMQ,Mar 2008,421.0,8.0,-92.0,-84.0,134.0,240.0,0.0,-124.0,89.0,555.0,565.0,516.0,198.0,123.0,439.0,229.0,299.0
923473,True,train,PHHMQ,Mar 2009,312.0,6.0,-11.0,-5.0,97.0,194.0,0.0,-26.0,63.0,409.0,412.0,376.0,118.0,97.0,312.0,120.0,215.0
923473,True,train,PHHMQ,Mar 2010,235.0,6.0,-34.0,-28.0,64.0,191.0,0.0,-51.0,3.0,298.0,358.0,331.0,103.0,60.0,298.0,100.0,195.0
225463,True,train,HUFCQ,Dec 1999,407.0,6.0,26.0,31.0,81.0,54.0,0.0,35.0,84.0,488.0,180.0,156.0,90.0,43.0,107.0,54.0,80.0
225463,True,train,HUFCQ,Dec 2000,407.0,6.0,26.0,31.0,81.0,54.0,0.0,35.0,84.0,488.0,180.0,156.0,90.0,43.0,107.0,54.0,80.0
225463,True,train,HUFCQ,Dec 2001,291.0,5.0,-11.0,-6.0,40.0,54.0,0.0,-8.0,75.0,331.0,145.0,106.0,61.0,12.0,80.0,51.0,49.0
225463,True,train,HUFCQ,Dec 2002,307.0,4.0,7.0,11.0,66.0,54.0,0.0,-1.0,74.0,373.0,282.0,167.0,162.0,42.0,210.0,58.0,93.0
225463,True,train,HUFCQ,Dec 2003,359.0,5.0,-1.0,4.0,78.0,62.0,0.0,-7.0,66.0,438.0,293.0,174.0,174.0,50.0,220.0,80.0,101.0
18169,False,test,DOLE,Dec 2008,6009.0,120.0,352.0,471.0,770.0,1553.0,1085.0,84.0,105.0,6779.0,4107.0,1737.0,961.0,718.0,3214.0,418.0,726.0
18169,False,test,DOLE,Dec 2009,6009.0,120.0,352.0,471.0,770.0,1553.0,1085.0,84.0,105.0,6779.0,4107.0,1737.0,961.0,718.0,3214.0,418.0,726.0
18169,False,test,DOLE,Dec 2010,4331.0,114.0,80.0,194.0,356.0,1564.0,1192.0,-34.0,71.0,4687.0,4257.0,1898.0,1203.0,735.0,3416.0,275.0,751.0
18169,False,test,DOLE,Dec 2011,4376.0,104.0,101.0,205.0,403.0,1641.0,769.0,38.0,109.0,4778.0,4271.0,1810.0,1082.0,830.0,3427.0,302.0,685.0
18169,False,test,DOLE,Dec 2012,3879.0,105.0,17.0,121.0,368.0,1513.0,1023.0,-144.0,-35.0,4247.0,4230.0,2745.0,1479.0,242.0,3491.0,351.0,492.0
946392,True,train,GTLS,Dec 1996,29.0,0.0,0.0,0.0,18.0,606.0,0.0,-117.0,-243.0,47.0,781.0,387.0,102.0,0.0,703.0,18.0,17.0
946392,True,train,GTLS,Dec 1997,29.0,0.0,0.0,0.0,18.0,606.0,0.0,-117.0,-243.0,47.0,781.0,387.0,102.0,0.0,703.0,18.0,17.0
946392,True,train,GTLS,Dec 1998,238.0,0.0,0.0,0.0,135.0,1725.0,0.0,-256.0,-544.0,372.0,2615.0,1293.0,411.0,0.0,2174.0,135.0,174.0
946392,True,train,GTLS,Dec 1999,526.0,0.0,0.0,0.0,327.0,2430.0,0.0,-617.0,-1160.0,852.0,4002.0,1687.0,703.0,0.0,3142.0,327.0,286.0
946392,True,train,GTLS,Dec 2000,649.0,0.0,0.0,0.0,375.0,2043.0,0.0,-1615.0,-2776.0,1024.0,2834.0,875.0,1287.0,0.0,3395.0,375.0,258.0
1237941,True,test,HAYZQ,Jan 2005,2103.0,171.0,-396.0,-225.0,174.0,684.0,0.0,-457.0,-566.0,2277.0,1799.0,603.0,413.0,180.0,1546.0,570.0,357.0
1237941,True,test,HAYZQ,Jan 2006,2103.0,171.0,-396.0,-225.0,174.0,684.0,0.0,-457.0,-566.0,2277.0,1799.0,603.0,413.0,180.0,1546.0,570.0,357.0
1237941,True,test,HAYZQ,Jan 2007,1871.0,128.0,7.0,135.0,186.0,659.0,0.0,-167.0,-734.0,2056.0,1691.0,581.0,439.0,173.0,1475.0,179.0,302.0
1237941,True,test,HAYZQ,Jan 2008,1918.0,116.0,-69.0,47.0,209.0,572.0,0.0,-197.0,-929.0,2127.0,1806.0,727.0,556.0,179.0,1463.0,248.0,354.0
1237941,True,test,HAYZQ,Jan 2009,1717.0,105.0,-262.0,-157.0,187.0,1.0,0.0,-372.0,-1302.0,1904.0,1096.0,456.0,921.0,157.0,1258.0,440.0,173.0
12927,False,train,BA,Dec 2016,79026.0,1889.0,6089.0,7978.0,14470.0,9487.0,96078.0,5034.0,40714.0,93496.0,89997.0,62488.0,50134.0,43199.0,89120.0,8239.0,9260.0
12927,False,train,BA,Dec 2017,76612.0,2047.0,10467.0,12514.0,17393.0,9696.0,174303.0,8458.0,49618.0,94005.0,112362.0,85194.0,74648.0,61388.0,110649.0,7274.0,11397.0
12927,False,train,BA,Dec 2018,81490.0,2114.0,12079.0,14193.0,19637.0,10558.0,183064.0,10460.0,55941.0,101127.0,117359.0,87830.0,81590.0,62567.0,116949.0,7836.0,14364.0
12927,False,train,BA,Dec 2019,72093.0,2271.0,-1537.0,734.0,4466.0,19804.0,183373.0,-636.0,50644.0,76559.0,133625.0,102229.0,97312.0,76622.0,141925.0,7128.0,12471.0
12927,False,train,BA,Dec 2020,63843.0,2246.0,-12320.0,-10074.0,-5685.0,61752.0,124651.0,-11941.0,38610.0,58158.0,152136.0,121642.0,87280.0,81715.0,170211.0,7293.0,10051.0
16040,False,test,CBT,Sep 2017,2060.0,155.0,352.0,507.0,657.0,661.0,3487.0,248.0,1707.0,2717.0,3338.0,1299.0,742.0,433.0,1713.0,319.0,527.0
16040,False,test,CBT,Sep 2018,2470.0,149.0,171.0,320.0,772.0,719.0,3786.0,-113.0,1417.0,3242.0,3244.0,1386.0,952.0,511.0,1965.0,374.0,637.0
16040,False,test,CBT,Sep 2019,2652.0,148.0,314.0,462.0,685.0,1024.0,2587.0,157.0,1337.0,3337.0,3004.0,1210.0,599.0,466.0,1870.0,350.0,530.0
16040,False,test,CBT,Sep 2020,2114.0,158.0,20.0,178.0,500.0,1094.0,2034.0,-238.0,989.0,2614.0,2781.0,978.0,529.0,359.0,1967.0,349.0,418.0
16040,False,test,CBT,Sep 2021,2610.0,160.0,455.0,615.0,799.0,717.0,2843.0,250.0,1159.0,3409.0,3306.0,1425.0,1147.0,523.0,2216.0,345.0,645.0
859475,True,train,TRIDQ,Dec 2010,440.0,84.0,-173.0,-89.0,118.0,0.0,291.0,-129.0,-211.0,557.0,371.0,225.0,116.0,23.0,147.0,290.0,91.0
859475,True,train,TRIDQ,Jun 2006,138.0,8.0,40.0,48.0,133.0,0.0,1163.0,30.0,19.0,271.0,284.0,238.0,80.0,16.0,82.0,93.0,9.0
859475,True,train,TRIDQ,Jun 2007,138.0,8.0,40.0,48.0,133.0,0.0,1163.0,30.0,19.0,271.0,284.0,238.0,80.0,16.0,82.0,93.0,9.0
859475,True,train,TRIDQ,Jun 2008,138.0,11.0,19.0,30.0,120.0,0.0,229.0,10.0,29.0,258.0,309.0,266.0,50.0,9.0,72.0,101.0,5.0
859475,True,train,TRIDQ,Jun 2009,52.0,14.0,-62.0,-49.0,23.0,0.0,109.0,-70.0,-41.0,76.0,263.0,214.0,49.0,7.0,70.0,86.0,9.0
5981,False,train,AVD,Dec 2016,183.8,16.3,20.3,36.6,128.3,41.0,562.4,12.8,220.4,312.1,430.0,227.1,97.1,120.6,147.6,107.7,87.2
5981,False,train,AVD,Dec 2017,207.7,17.0,26.8,43.8,147.4,77.5,585.4,20.3,239.0,355.0,535.6,254.9,126.2,123.1,230.3,120.6,109.6
5981,False,train,AVD,Dec 2018,271.6,18.9,37.6,56.5,182.6,96.7,453.4,24.2,262.8,454.3,593.6,310.2,145.5,159.9,264.4,143.6,134.0
5981,False,train,AVD,Dec 2019,290.8,18.6,26.2,44.9,177.4,148.8,587.5,13.6,274.1,468.2,670.1,336.2,138.6,163.3,325.9,151.1,155.8
5981,False,train,AVD,Dec 2020,286.1,19.9,23.4,43.3,172.6,107.4,479.0,15.2,288.2,458.7,680.3,330.3,171.3,163.8,319.6,154.3,140.0
16732,False,test,CPB,Jul 2017,3395.0,318.0,1431.0,1749.0,2442.0,2492.0,15902.0,887.0,2385.0,5837.0,7726.0,1900.0,2395.0,902.0,6081.0,1217.0,605.0
16732,False,test,CPB,Jul 2018,4241.0,394.0,1013.0,1407.0,2374.0,7991.0,12311.0,261.0,2224.0,6615.0,14529.0,2296.0,3594.0,887.0,13156.0,1402.0,563.0
16732,False,test,CPB,Jul 2019,5414.0,446.0,981.0,1427.0,2693.0,7100.0,12443.0,211.0,1993.0,8107.0,13148.0,1967.0,3385.0,863.0,12036.0,1619.0,574.0
16732,False,test,CPB,Jul 2020,5692.0,328.0,1111.0,1439.0,2999.0,4987.0,14970.0,1628.0,3190.0,8691.0,12372.0,2385.0,3075.0,871.0,9803.0,1705.0,575.0
16732,False,test,CPB,Jul 2021,5665.0,317.0,1546.0,1863.0,2811.0,4991.0,13203.0,1002.0,3742.0,8476.0,11734.0,1695.0,1814.0,933.0,8580.0,1541.0,595.0
1003114,True,train,IMPHQ,Dec 1998,62.0,7.0,15.0,22.0,85.0,1.0,0.0,8.0,20.0,85.0,150.0,72.0,16.0,0.0,29.0,73.0,36.0
1003114,True,train,IMPHQ,Dec 1999,62.0,7.0,15.0,22.0,85.0,1.0,0.0,8.0,20.0,85.0,150.0,72.0,16.0,0.0,29.0,73.0,36.0
1003114,True,train,IMPHQ,Dec 2000,62.0,11.0,25.0,36.0,138.0,19.0,0.0,13.0,33.0,138.0,197.0,96.0,30.0,0.0,58.0,118.0,51.0
1003114,True,train,IMPHQ,Dec 2001,62.0,16.0,23.0,39.0,127.0,19.0,0.0,11.0,44.0,190.0,237.0,107.0,33.0,0.0,81.0,106.0,64.0
1003114,True,train,IMPHQ,Dec 2002,68.0,25.0,22.0,47.0,121.0,51.0,0.0,10.0,55.0,188.0,286.0,107.0,36.0,0.0,118.0,99.0,69.0
